{"stats":{"minecraft:mined":{"minecraft:short_grass":6,"minecraft:grass_block":1,"minecraft:tall_grass":1,"minecraft:dandelion":1,"minecraft:oxeye_daisy":1},"minecraft:custom":{"minecraft:time_since_rest":1906,"minecraft:open_chest":1,"minecraft:sprint_one_cm":57160,"minecraft:play_time":21101,"minecraft:walk_one_cm":40235,"minecraft:damage_taken":549,"minecraft:deaths":2,"minecraft:jump":236,"minecraft:damage_dealt":67,"minecraft:leave_game":2,"minecraft:time_since_death":1841,"minecraft:total_world_time":21101,"minecraft:fall_one_cm":4389,"minecraft:fly_one_cm":31228},"minecraft:used":{"minecraft:dirt":18,"minecraft:flint_and_steel":1},"minecraft:picked_up":{"minecraft:flint_and_steel":2,"minecraft:rotten_flesh":2,"minecraft:dandelion":2,"minecraft:fire_charge":1,"minecraft:flint":4,"minecraft:golden_axe":2,"minecraft:dirt":18,"minecraft:oxeye_daisy":1},"minecraft:killed_by":{"minecraft:creeper":1,"minecraft:spider":1}},"DataVersion":3953}