{"stats":{"minecraft:used":{"minecraft:netherite_sword":24,"minecraft:flint_and_steel":1,"minecraft:grass_block":47,"minecraft:verdant_froglight":82,"minecraft:quartz_block":5,"minecraft:chest":4,"minecraft:smooth_quartz":2203,"minecraft:farmland":9,"minecraft:crimson_sign":2,"minecraft:tnt":1,"minecraft:furnace":2,"minecraft:ochre_froglight":67,"minecraft:blast_furnace":1,"minecraft:birch_sign":3,"minecraft:pearlescent_froglight":85,"minecraft:white_bed":1},"minecraft:custom":{"minecraft:time_since_rest":61248,"minecraft:sprint_one_cm":13032,"minecraft:damage_taken":70,"minecraft:walk_one_cm":29632,"minecraft:mob_kills":7,"minecraft:drop":4,"minecraft:damage_dealt":1104,"minecraft:fly_one_cm":2211939,"minecraft:open_chest":15,"minecraft:crouch_one_cm":287,"minecraft:play_time":135667,"minecraft:sneak_time":1359,"minecraft:walk_under_water_one_cm":20571,"minecraft:jump":74,"minecraft:leave_game":5,"minecraft:time_since_death":135667,"minecraft:walk_on_water_one_cm":24876,"minecraft:sleep_in_bed":1,"minecraft:total_world_time":135667,"minecraft:fall_one_cm":1503},"minecraft:picked_up":{"minecraft:wooden_axe":1,"minecraft:pink_petals":10,"minecraft:allium":9,"minecraft:azure_bluet":12,"minecraft:clay_ball":16,"minecraft:copper_ingot":62,"minecraft:leather":2,"minecraft:golden_leggings":1,"minecraft:torch":36,"minecraft:potato":2,"minecraft:golden_shovel":1,"minecraft:oak_log":6,"minecraft:blast_furnace":2,"minecraft:brewing_stand":1,"minecraft:white_bed":4,"minecraft:golden_sword":1,"minecraft:grass_block":64,"minecraft:carrot":14,"minecraft:cornflower":5,"minecraft:string":1,"minecraft:raw_copper":128,"minecraft:flint_and_steel":1,"minecraft:arrow":2,"minecraft:glass":4,"minecraft:bone":4,"minecraft:rotten_flesh":1,"minecraft:pearlescent_froglight":64,"minecraft:stonecutter":1,"minecraft:wheat_seeds":13,"minecraft:beetroot_seeds":2,"minecraft:peony":34,"minecraft:orange_tulip":1,"minecraft:gold_nugget":74,"minecraft:netherite_sword":1,"minecraft:beef":2,"minecraft:stone_pickaxe":3,"minecraft:pink_tulip":16,"minecraft:rose_bush":20,"minecraft:bread":8,"minecraft:iron_nugget":33,"minecraft:wooden_shovel":1,"minecraft:terracotta":2,"minecraft:glass_bottle":3,"minecraft:enchanted_golden_apple":64,"minecraft:mutton":6,"minecraft:sugar_cane":12,"minecraft:chest":64,"minecraft:obsidian":2,"minecraft:bricks":2,"minecraft:coal":55,"minecraft:white_wool":1,"minecraft:cobblestone":20,"minecraft:furnace":64},"minecraft:killed":{"minecraft:zombie":4,"minecraft:spider":2,"minecraft:cow":1},"minecraft:dropped":{"minecraft:wheat_seeds":13,"minecraft:netherite_sword":1,"minecraft:obsidian":1,"minecraft:golden_shovel":1}},"DataVersion":3953}