{"stats":{"minecraft:mined":{"minecraft:grass_block":3,"minecraft:dirt":1,"minecraft:birch_leaves":3},"minecraft:picked_up":{"minecraft:beef":1,"minecraft:dirt":3,"minecraft:cobblestone":16},"minecraft:killed_by":{"minecraft:player":1},"minecraft:used":{"minecraft:bow":61,"minecraft:flint_and_steel":5,"minecraft:tnt":163},"minecraft:custom":{"minecraft:time_since_rest":4475,"minecraft:crouch_one_cm":126,"minecraft:sprint_one_cm":7028,"minecraft:play_time":17481,"minecraft:deaths":1,"minecraft:damage_taken":300,"minecraft:walk_one_cm":8976,"minecraft:sneak_time":52,"minecraft:walk_under_water_one_cm":979,"minecraft:mob_kills":11,"minecraft:jump":57,"minecraft:damage_dealt":40,"minecraft:leave_game":3,"minecraft:time_since_death":4368,"minecraft:walk_on_water_one_cm":171,"minecraft:climb_one_cm":210,"minecraft:total_world_time":17481,"minecraft:talked_to_villager":3,"minecraft:fall_one_cm":1666,"minecraft:fly_one_cm":507821},"minecraft:killed":{"minecraft:sheep":4,"minecraft:skeleton":1,"minecraft:spider":1,"minecraft:pig":2,"minecraft:cow":3}},"DataVersion":3953}