{"stats":{"minecraft:used":{"minecraft:stone_axe":1,"minecraft:crafting_table":1,"minecraft:wooden_pickaxe":33},"minecraft:custom":{"minecraft:time_since_rest":7476,"minecraft:sprint_one_cm":15353,"minecraft:play_time":7476,"minecraft:damage_taken":60,"minecraft:walk_one_cm":15583,"minecraft:walk_under_water_one_cm":126,"minecraft:jump":64,"minecraft:walk_on_water_one_cm":681,"minecraft:leave_game":2,"minecraft:time_since_death":7476,"minecraft:total_world_time":7476,"minecraft:swim_one_cm":1486,"minecraft:interact_with_crafting_table":2,"minecraft:fall_one_cm":2457,"minecraft:fly_one_cm":5704},"minecraft:mined":{"minecraft:grass_block":1,"minecraft:oak_log":12,"minecraft:coal_ore":5,"minecraft:stone":27,"minecraft:crafting_table":1,"minecraft:oak_leaves":3},"minecraft:picked_up":{"minecraft:crafting_table":1,"minecraft:oak_log":12,"minecraft:dirt":1,"minecraft:oak_sapling":2,"minecraft:coal":5,"minecraft:cobblestone":27},"minecraft:crafted":{"minecraft:stone_sword":1,"minecraft:oak_planks":12,"minecraft:stone_axe":1,"minecraft:crafting_table":1,"minecraft:stick":8,"minecraft:wooden_pickaxe":1,"minecraft:stone_pickaxe":1}},"DataVersion":3953}