{"stats":{"minecraft:picked_up":{"minecraft:birch_log":5,"minecraft:stick":2,"minecraft:crafting_table":2,"minecraft:smoker":1,"minecraft:birch_planks":9,"minecraft:oak_log":37,"minecraft:cornflower":1,"minecraft:light_gray_wool":1,"minecraft:mutton":2,"minecraft:cobblestone":38,"minecraft:white_wool":1},"minecraft:mined":{"minecraft:birch_planks":1,"minecraft:birch_log":5,"minecraft:smoker":1,"minecraft:crafting_table":2,"minecraft:cornflower":1,"minecraft:short_grass":2,"minecraft:oak_log":38,"minecraft:tall_grass":2,"minecraft:stone":38,"minecraft:oak_leaves":6},"minecraft:crafted":{"minecraft:blue_dye":1,"minecraft:crafting_table":1,"minecraft:stick":8,"minecraft:wooden_pickaxe":1,"minecraft:stone_pickaxe":1,"minecraft:stone_sword":1,"minecraft:furnace":2,"minecraft:birch_planks":20,"minecraft:stone_axe":1,"minecraft:cooked_mutton":1,"minecraft:smoker":1},"minecraft:used":{"minecraft:cooked_mutton":1,"minecraft:stone_sword":1,"minecraft:birch_planks":7,"minecraft:stone_pickaxe":1,"minecraft:wooden_pickaxe":38,"minecraft:stone_axe":42,"minecraft:crafting_table":2,"minecraft:smoker":1},"minecraft:custom":{"minecraft:time_since_rest":22365,"minecraft:sprint_one_cm":37210,"minecraft:damage_taken":80,"minecraft:walk_one_cm":28978,"minecraft:mob_kills":2,"minecraft:damage_dealt":130,"minecraft:fly_one_cm":18086,"minecraft:interact_with_crafting_table":2,"minecraft:crouch_one_cm":472,"minecraft:play_time":22365,"minecraft:sneak_time":942,"minecraft:jump":160,"minecraft:leave_game":2,"minecraft:time_since_death":22365,"minecraft:interact_with_smoker":2,"minecraft:total_world_time":22365,"minecraft:fall_one_cm":3735},"minecraft:killed":{"minecraft:sheep":2}},"DataVersion":3953}