{"stats":{"minecraft:used":{"minecraft:netherite_sword":13,"minecraft:flint_and_steel":1,"minecraft:grass_block":47,"minecraft:verdant_froglight":82,"minecraft:quartz_block":5,"minecraft:chest":2,"minecraft:smooth_quartz":2203,"minecraft:farmland":9,"minecraft:crimson_sign":2,"minecraft:tnt":1,"minecraft:furnace":2,"minecraft:birch_sign":3,"minecraft:blast_furnace":1,"minecraft:ochre_froglight":67,"minecraft:pearlescent_froglight":74,"minecraft:white_bed":1},"minecraft:custom":{"minecraft:time_since_rest":40616,"minecraft:sprint_one_cm":12587,"minecraft:damage_taken":70,"minecraft:walk_one_cm":28051,"minecraft:mob_kills":5,"minecraft:drop":4,"minecraft:damage_dealt":785,"minecraft:fly_one_cm":1964507,"minecraft:open_chest":7,"minecraft:crouch_one_cm":137,"minecraft:play_time":115035,"minecraft:sneak_time":53,"minecraft:walk_under_water_one_cm":20571,"minecraft:jump":69,"minecraft:leave_game":3,"minecraft:walk_on_water_one_cm":24876,"minecraft:time_since_death":115035,"minecraft:sleep_in_bed":1,"minecraft:total_world_time":115035,"minecraft:fall_one_cm":1503},"minecraft:picked_up":{"minecraft:wooden_axe":1,"minecraft:pink_petals":9,"minecraft:allium":9,"minecraft:clay_ball":16,"minecraft:copper_ingot":31,"minecraft:leather":2,"minecraft:golden_leggings":1,"minecraft:torch":18,"minecraft:potato":2,"minecraft:golden_shovel":1,"minecraft:brewing_stand":1,"minecraft:blast_furnace":1,"minecraft:white_bed":1,"minecraft:golden_sword":1,"minecraft:carrot":7,"minecraft:cornflower":5,"minecraft:string":1,"minecraft:raw_copper":64,"minecraft:flint_and_steel":1,"minecraft:glass":4,"minecraft:arrow":2,"minecraft:rotten_flesh":1,"minecraft:beetroot_seeds":2,"minecraft:stonecutter":1,"minecraft:wheat_seeds":13,"minecraft:gold_nugget":37,"minecraft:beef":2,"minecraft:stone_pickaxe":2,"minecraft:wooden_shovel":1,"minecraft:iron_nugget":33,"minecraft:bread":8,"minecraft:terracotta":2,"minecraft:glass_bottle":3,"minecraft:obsidian":2,"minecraft:bricks":2,"minecraft:coal":55,"minecraft:white_wool":1,"minecraft:cobblestone":20},"minecraft:killed":{"minecraft:zombie":4,"minecraft:cow":1},"minecraft:dropped":{"minecraft:wheat_seeds":13,"minecraft:netherite_sword":1,"minecraft:obsidian":1,"minecraft:golden_shovel":1}},"DataVersion":3953}