{"stats":{"minecraft:broken":{"minecraft:wooden_pickaxe":1},"minecraft:used":{"minecraft:birch_planks":7,"minecraft:bread":7,"minecraft:stone_pickaxe":59,"minecraft:wooden_pickaxe":62,"minecraft:cobblestone":1,"minecraft:crafting_table":1,"minecraft:yellow_bed":5},"minecraft:custom":{"minecraft:time_since_rest":5273,"minecraft:sprint_one_cm":311933,"minecraft:damage_taken":1860,"minecraft:walk_one_cm":404879,"minecraft:damage_dealt":88,"minecraft:interact_with_crafting_table":3,"minecraft:talked_to_villager":1,"minecraft:fly_one_cm":34572,"minecraft:open_chest":2,"minecraft:crouch_one_cm":1138,"minecraft:play_time":94965,"minecraft:deaths":7,"minecraft:sneak_time":692,"minecraft:walk_under_water_one_cm":3259,"minecraft:jump":705,"minecraft:leave_game":4,"minecraft:walk_on_water_one_cm":4126,"minecraft:time_since_death":29455,"minecraft:sleep_in_bed":2,"minecraft:total_world_time":94965,"minecraft:fall_one_cm":15109},"minecraft:mined":{"minecraft:birch_planks":4,"minecraft:birch_log":5,"minecraft:wheat":1,"minecraft:birch_leaves":1,"minecraft:powder_snow":1,"minecraft:orange_tulip":1,"minecraft:fletching_table":1,"minecraft:yellow_bed":5,"minecraft:short_grass":11,"minecraft:allium":2,"minecraft:grass_block":25,"minecraft:oak_log":3,"minecraft:dirt_path":3,"minecraft:beetroots":1,"minecraft:dirt":10,"minecraft:stone":113,"minecraft:oak_planks":1,"minecraft:oak_leaves":4},"minecraft:picked_up":{"minecraft:birch_log":5,"minecraft:allium":2,"minecraft:crafting_table":1,"minecraft:wheat":1,"minecraft:torch":1,"minecraft:birch_planks":3,"minecraft:oak_log":3,"minecraft:yellow_bed":5,"minecraft:shield":2,"minecraft:dirt":38,"minecraft:rotten_flesh":3,"minecraft:beetroot":1,"minecraft:beetroot_seeds":3,"minecraft:wheat_seeds":4,"minecraft:orange_tulip":1,"minecraft:iron_ingot":4,"minecraft:fletching_table":1,"minecraft:oak_sapling":2,"minecraft:chest":1,"minecraft:cobblestone":100,"minecraft:egg":1},"minecraft:crafted":{"minecraft:oak_planks":8,"minecraft:crafting_table":1,"minecraft:stick":4,"minecraft:wooden_pickaxe":1,"minecraft:stone_pickaxe":1,"minecraft:birch_planks":12},"minecraft:killed_by":{"minecraft:zombie":3}},"DataVersion":3953}