{"stats":{"minecraft:broken":{"minecraft:wooden_pickaxe":1},"minecraft:picked_up":{"minecraft:crafting_table":2,"minecraft:torch":1,"minecraft:porkchop":3,"minecraft:oak_log":15,"minecraft:raw_copper":32,"minecraft:gray_wool":1,"minecraft:oak_sapling":2,"minecraft:mutton":2,"minecraft:coal":42,"minecraft:white_wool":1,"minecraft:cobblestone":67,"minecraft:furnace":1},"minecraft:mined":{"minecraft:furnace":1,"minecraft:crafting_table":2,"minecraft:oak_log":15,"minecraft:coal_ore":43,"minecraft:copper_ore":8,"minecraft:stone":67,"minecraft:wall_torch":1,"minecraft:oak_leaves":3},"minecraft:crafted":{"minecraft:wooden_sword":2,"minecraft:oak_planks":24,"minecraft:wooden_shovel":1,"minecraft:cooked_porkchop":3,"minecraft:crafting_table":1,"minecraft:stick":16,"minecraft:wooden_pickaxe":1,"minecraft:stone_pickaxe":2,"minecraft:wooden_axe":1,"minecraft:furnace":1,"minecraft:torch":4,"minecraft:cooked_mutton":2},"minecraft:used":{"minecraft:wooden_axe":2,"minecraft:stone_pickaxe":61,"minecraft:wooden_pickaxe":59,"minecraft:torch":5,"minecraft:wooden_sword":13,"minecraft:cobblestone":5,"minecraft:crafting_table":2,"minecraft:furnace":1,"minecraft:oak_sapling":2},"minecraft:custom":{"minecraft:time_since_rest":18000,"minecraft:interact_with_furnace":4,"minecraft:sprint_one_cm":16601,"minecraft:damage_taken":70,"minecraft:walk_one_cm":39308,"minecraft:mob_kills":3,"minecraft:damage_dealt":261,"minecraft:interact_with_crafting_table":3,"minecraft:fly_one_cm":3690,"minecraft:crouch_one_cm":247,"minecraft:play_time":18000,"minecraft:sneak_time":83,"minecraft:jump":139,"minecraft:time_since_death":18000,"minecraft:total_world_time":18000,"minecraft:fall_one_cm":2988},"minecraft:killed":{"minecraft:sheep":2,"minecraft:pig":1}},"DataVersion":3953}