{"stats":{"minecraft:picked_up":{"minecraft:feather":1,"minecraft:chicken":1,"minecraft:salmon":6,"minecraft:copper_ingot":1,"minecraft:oak_log":10,"minecraft:apple":1,"minecraft:oak_sapling":3,"minecraft:coal":3,"minecraft:cobblestone":16},"minecraft:mined":{"minecraft:oak_log":10,"minecraft:coal_ore":3,"minecraft:stone":16,"minecraft:oak_leaves":8},"minecraft:crafted":{"minecraft:oak_planks":40,"minecraft:crafting_table":1,"minecraft:stick":8,"minecraft:wooden_pickaxe":1,"minecraft:cooked_chicken":1,"minecraft:stone_pickaxe":1,"minecraft:stone_sword":1,"minecraft:furnace":1,"minecraft:stone_axe":1},"minecraft:used":{"minecraft:apple":1,"minecraft:stone_sword":11,"minecraft:wooden_pickaxe":19,"minecraft:cooked_chicken":1,"minecraft:crafting_table":1,"minecraft:furnace":1},"minecraft:custom":{"minecraft:time_since_rest":11209,"minecraft:interact_with_furnace":3,"minecraft:sprint_one_cm":15586,"minecraft:damage_taken":20,"minecraft:walk_one_cm":19665,"minecraft:mob_kills":8,"minecraft:damage_dealt":419,"minecraft:interact_with_crafting_table":3,"minecraft:swim_one_cm":21256,"minecraft:fly_one_cm":27548,"minecraft:crouch_one_cm":696,"minecraft:play_time":11209,"minecraft:sneak_time":290,"minecraft:walk_under_water_one_cm":14092,"minecraft:jump":143,"minecraft:leave_game":1,"minecraft:walk_on_water_one_cm":6263,"minecraft:time_since_death":11209,"minecraft:total_world_time":11209,"minecraft:fall_one_cm":3601},"minecraft:killed":{"minecraft:chicken":1,"minecraft:salmon":6,"minecraft:drowned":1}},"DataVersion":3953}