{"stats":{"minecraft:picked_up":{"minecraft:allium":9,"minecraft:leather":2,"minecraft:wheat_seeds":13,"minecraft:beef":2,"minecraft:golden_shovel":1,"minecraft:cornflower":5},"minecraft:dropped":{"minecraft:wheat_seeds":13,"minecraft:golden_shovel":1},"minecraft:used":{"minecraft:farmland":9,"minecraft:tnt":1,"minecraft:grass_block":44,"minecraft:verdant_froglight":33,"minecraft:ochre_froglight":36,"minecraft:pearlescent_froglight":37,"minecraft:smooth_quartz":2102},"minecraft:custom":{"minecraft:time_since_rest":55311,"minecraft:play_time":55311,"minecraft:sprint_one_cm":8051,"minecraft:damage_taken":70,"minecraft:walk_one_cm":8486,"minecraft:sneak_time":4,"minecraft:mob_kills":1,"minecraft:drop":2,"minecraft:jump":39,"minecraft:damage_dealt":100,"minecraft:leave_game":1,"minecraft:walk_on_water_one_cm":15265,"minecraft:time_since_death":55311,"minecraft:total_world_time":55311,"minecraft:fall_one_cm":1503,"minecraft:fly_one_cm":864878},"minecraft:killed":{"minecraft:cow":1}},"DataVersion":3953}