{"stats":{"minecraft:killed":{"minecraft:villager":1},"minecraft:used":{"minecraft:cooked_mutton":1,"minecraft:birch_planks":11,"minecraft:stone_shovel":120,"minecraft:stone_pickaxe":432,"minecraft:chest":2,"minecraft:wooden_pickaxe":62,"minecraft:fletching_table":3,"minecraft:oak_door":6,"minecraft:torch":7,"minecraft:dirt":11,"minecraft:crafting_table":1,"minecraft:carrot":1,"minecraft:bread":9,"minecraft:oak_pressure_plate":2,"minecraft:cobblestone":83,"minecraft:smithing_table":1,"minecraft:oak_boat":1,"minecraft:egg":1,"minecraft:yellow_bed":5},"minecraft:broken":{"minecraft:stone_pickaxe":3,"minecraft:wooden_pickaxe":1},"minecraft:mined":{"minecraft:smithing_table":1,"minecraft:oak_door":5,"minecraft:dandelion":1,"minecraft:powder_snow":1,"minecraft:brewing_stand":1,"minecraft:short_grass":23,"minecraft:allium":2,"minecraft:grass_block":85,"minecraft:cobblestone":4,"minecraft:composter":1,"minecraft:oak_planks":5,"minecraft:wall_torch":1,"minecraft:smooth_stone":1,"minecraft:birch_planks":5,"minecraft:carrots":3,"minecraft:birch_log":11,"minecraft:wheat":18,"minecraft:andesite":11,"minecraft:birch_leaves":2,"minecraft:orange_tulip":1,"minecraft:fletching_table":4,"minecraft:yellow_bed":5,"minecraft:coal_ore":46,"minecraft:oak_log":8,"minecraft:water_cauldron":4,"minecraft:dirt_path":3,"minecraft:beetroots":4,"minecraft:oak_stairs":1,"minecraft:dirt":72,"minecraft:stone":389,"minecraft:white_tulip":1,"minecraft:oak_leaves":4},"minecraft:picked_up":{"minecraft:birch_log":11,"minecraft:crafting_table":1,"minecraft:wheat":18,"minecraft:allium":2,"minecraft:andesite":8,"minecraft:smithing_table":1,"minecraft:oak_stairs":1,"minecraft:birch_planks":4,"minecraft:oak_log":8,"minecraft:brewing_stand":1,"minecraft:yellow_bed":5,"minecraft:shield":2,"minecraft:dirt":167,"minecraft:beetroot":3,"minecraft:wheat_seeds":52,"minecraft:orange_tulip":1,"minecraft:smooth_stone":1,"minecraft:iron_ingot":4,"minecraft:white_tulip":1,"minecraft:oak_boat":2,"minecraft:fletching_table":4,"minecraft:chest":1,"minecraft:oak_planks":4,"minecraft:egg":2,"minecraft:oak_door":5,"minecraft:composter":1,"minecraft:torch":2,"minecraft:dandelion":3,"minecraft:carrot":25,"minecraft:cauldron":4,"minecraft:rotten_flesh":3,"minecraft:beetroot_seeds":10,"minecraft:bread":10,"minecraft:oak_sapling":2,"minecraft:coal":46,"minecraft:cobblestone":383},"minecraft:crafted":{"minecraft:oak_door":3,"minecraft:oak_planks":28,"minecraft:stone_shovel":1,"minecraft:arrow":16,"minecraft:emerald":1,"minecraft:crafting_table":1,"minecraft:oak_pressure_plate":2,"minecraft:wooden_pickaxe":1,"minecraft:bucket":1,"minecraft:birch_planks":32,"minecraft:cooked_mutton":1,"minecraft:stick":52,"minecraft:stone_pickaxe":3,"minecraft:chest":2,"minecraft:torch":16},"minecraft:custom":{"minecraft:interact_with_furnace":6,"minecraft:mob_kills":1,"minecraft:traded_with_villager":2,"minecraft:interact_with_crafting_table":12,"minecraft:leave_game":10,"minecraft:time_since_death":54250,"minecraft:sleep_in_bed":5,"minecraft:time_since_rest":124,"minecraft:sprint_one_cm":409785,"minecraft:damage_taken":2168,"minecraft:walk_one_cm":822568,"minecraft:drop":3,"minecraft:damage_dealt":305,"minecraft:talked_to_villager":14,"minecraft:fly_one_cm":44408,"minecraft:open_chest":19,"minecraft:crouch_one_cm":1138,"minecraft:play_time":191559,"minecraft:deaths":8,"minecraft:sneak_time":718,"minecraft:walk_under_water_one_cm":3259,"minecraft:boat_one_cm":13524,"minecraft:jump":1200,"minecraft:walk_on_water_one_cm":4529,"minecraft:total_world_time":191559,"minecraft:fall_one_cm":16876},"minecraft:killed_by":{"minecraft:zombie":4},"minecraft:dropped":{"minecraft:cobblestone":35,"minecraft:carrot":12,"minecraft:shield":1}},"DataVersion":3953}