{"stats":{"minecraft:used":{"minecraft:cooked_mutton":1,"minecraft:stone_sword":30,"minecraft:stone_pickaxe":131,"minecraft:shield":4,"minecraft:chest":8,"minecraft:wooden_pickaxe":7,"minecraft:rotten_flesh":2,"minecraft:oak_door":4,"minecraft:torch":93,"minecraft:mutton":2,"minecraft:crafting_table":5,"minecraft:white_bed":1,"minecraft:bread":9,"minecraft:iron_pickaxe":265,"minecraft:iron_helmet":1,"minecraft:stone_axe":39,"minecraft:wooden_sword":8,"minecraft:cobblestone":75,"minecraft:furnace":3,"minecraft:yellow_bed":1},"minecraft:broken":{"minecraft:stone_pickaxe":1,"minecraft:iron_pickaxe":1},"minecraft:custom":{"minecraft:interact_with_furnace":16,"minecraft:mob_kills":7,"minecraft:interact_with_crafting_table":21,"minecraft:leave_game":3,"minecraft:time_since_death":62437,"minecraft:sleep_in_bed":2,"minecraft:time_since_rest":2445,"minecraft:sprint_one_cm":95750,"minecraft:damage_taken":401,"minecraft:walk_one_cm":130025,"minecraft:damage_blocked_by_shield":100,"minecraft:drop":8,"minecraft:damage_dealt":629,"minecraft:talked_to_villager":1,"minecraft:fly_one_cm":141452,"minecraft:open_chest":23,"minecraft:crouch_one_cm":2949,"minecraft:play_time":62437,"minecraft:sneak_time":1761,"minecraft:jump":978,"minecraft:total_world_time":62437,"minecraft:fall_one_cm":15621},"minecraft:mined":{"minecraft:oak_door":3,"minecraft:crafting_table":4,"minecraft:torch":4,"minecraft:short_grass":5,"minecraft:emerald_ore":3,"minecraft:grass_block":7,"minecraft:chest":5,"minecraft:cobblestone":7,"minecraft:wall_torch":4,"minecraft:hay_block":22,"minecraft:furnace":2,"minecraft:birch_log":3,"minecraft:iron_ore":49,"minecraft:yellow_bed":1,"minecraft:oak_log":32,"minecraft:coal_ore":127,"minecraft:dirt":14,"minecraft:stone":210,"minecraft:oak_leaves":1},"minecraft:picked_up":{"minecraft:birch_log":3,"minecraft:crafting_table":3,"minecraft:oak_log":32,"minecraft:yellow_bed":1,"minecraft:string":2,"minecraft:dirt":21,"minecraft:iron_ingot":9,"minecraft:chest":4,"minecraft:egg":1,"minecraft:furnace":2,"minecraft:raw_iron":55,"minecraft:oak_door":3,"minecraft:torch":10,"minecraft:rotten_flesh":6,"minecraft:hay_block":22,"minecraft:emerald":3,"minecraft:mutton":5,"minecraft:coal":180,"minecraft:white_wool":4,"minecraft:cobblestone":222},"minecraft:killed":{"minecraft:sheep":3,"minecraft:zombie":3},"minecraft:crafted":{"minecraft:wooden_sword":1,"minecraft:oak_door":3,"minecraft:oak_planks":128,"minecraft:crafting_table":2,"minecraft:iron_helmet":1,"minecraft:wooden_pickaxe":1,"minecraft:furnace":1,"minecraft:birch_planks":12,"minecraft:stone_axe":1,"minecraft:bread":27,"minecraft:cooked_mutton":1,"minecraft:iron_boots":1,"minecraft:iron_chestplate":1,"minecraft:shield":4,"minecraft:stick":120,"minecraft:iron_ingot":38,"minecraft:iron_pickaxe":2,"minecraft:stone_pickaxe":1,"minecraft:stone_sword":1,"minecraft:chest":4,"minecraft:iron_leggings":1,"minecraft:white_bed":1,"minecraft:torch":84,"minecraft:wheat":81},"minecraft:dropped":{"minecraft:bread":20,"minecraft:iron_ingot":4,"minecraft:shield":3,"minecraft:wooden_sword":1,"minecraft:wooden_pickaxe":1}},"DataVersion":3953}