{"stats":{"minecraft:killed":{"minecraft:pig":5,"minecraft:salmon":8,"minecraft:creeper":1,"minecraft:sheep":16,"minecraft:skeleton":7,"minecraft:zombie":2,"minecraft:chicken":3,"minecraft:drowned":1,"minecraft:cow":7},"minecraft:used":{"minecraft:cooked_mutton":9,"minecraft:stone_sword":17,"minecraft:spruce_door":3,"minecraft:stone_pickaxe":261,"minecraft:dried_kelp":3,"minecraft:oak_planks":14,"minecraft:chest":2,"minecraft:shield":10,"minecraft:wooden_pickaxe":19,"minecraft:iron_sword":98,"minecraft:cooked_salmon":7,"minecraft:cooked_chicken":1,"minecraft:rotten_flesh":2,"minecraft:iron_chestplate":1,"minecraft:torch":116,"minecraft:dirt":36,"minecraft:sand":1,"minecraft:crafting_table":6,"minecraft:white_bed":1,"minecraft:granite":1,"minecraft:apple":1,"minecraft:bread":1,"minecraft:map":3,"minecraft:iron_pickaxe":863,"minecraft:oak_button":1,"minecraft:iron_helmet":1,"minecraft:gravel":1,"minecraft:stone_axe":23,"minecraft:cobblestone":113,"minecraft:furnace":2,"minecraft:andesite":2,"minecraft:yellow_bed":1,"minecraft:oak_boat":2,"minecraft:cooked_beef":4,"minecraft:iron_leggings":1},"minecraft:broken":{"minecraft:stone_pickaxe":1,"minecraft:iron_pickaxe":2},"minecraft:mined":{"minecraft:deepslate_redstone_ore":5,"minecraft:tuff":16,"minecraft:spruce_door":4,"minecraft:crafting_table":4,"minecraft:torch":2,"minecraft:granite":19,"minecraft:short_grass":18,"minecraft:grass_block":11,"minecraft:chest":1,"minecraft:copper_ore":10,"minecraft:tall_grass":2,"minecraft:cobblestone":24,"minecraft:lapis_ore":7,"minecraft:deepslate_gold_ore":5,"minecraft:sugar_cane":6,"minecraft:oak_planks":11,"minecraft:kelp":2,"minecraft:diorite":9,"minecraft:wall_torch":4,"minecraft:redstone_ore":4,"minecraft:furnace":1,"minecraft:iron_ore":86,"minecraft:andesite":33,"minecraft:pumpkin":6,"minecraft:deepslate_lapis_ore":7,"minecraft:stone_brick_stairs":1,"minecraft:yellow_bed":1,"minecraft:gold_block":2,"minecraft:dark_oak_stairs":1,"minecraft:coal_ore":353,"minecraft:oak_log":27,"minecraft:deepslate_iron_ore":5,"minecraft:sunflower":2,"minecraft:dirt":37,"minecraft:gravel":15,"minecraft:sand":1,"minecraft:stone":362,"minecraft:gold_ore":6,"minecraft:oak_leaves":12,"minecraft:deepslate":186},"minecraft:picked_up":{"minecraft:crafting_table":4,"minecraft:feather":3,"minecraft:chicken":3,"minecraft:andesite":33,"minecraft:salmon":8,"minecraft:leather":9,"minecraft:gold_block":2,"minecraft:flint":1,"minecraft:tuff":16,"minecraft:oak_log":27,"minecraft:yellow_bed":1,"minecraft:gunpowder":2,"minecraft:lapis_lazuli":98,"minecraft:dirt":48,"minecraft:raw_copper":36,"minecraft:bone":3,"minecraft:apple":1,"minecraft:kelp":9,"minecraft:bow":1,"minecraft:wheat_seeds":5,"minecraft:cobbled_deepslate":186,"minecraft:raw_gold":11,"minecraft:beef":11,"minecraft:oak_boat":2,"minecraft:light_gray_wool":2,"minecraft:sugar_cane":15,"minecraft:chest":1,"minecraft:oak_planks":11,"minecraft:dark_oak_stairs":1,"minecraft:furnace":1,"minecraft:raw_iron":91,"minecraft:pumpkin":6,"minecraft:copper_ingot":1,"minecraft:torch":6,"minecraft:gravel":14,"minecraft:porkchop":12,"minecraft:sand":1,"minecraft:diorite":13,"minecraft:redstone":39,"minecraft:spruce_door":4,"minecraft:arrow":9,"minecraft:rotten_flesh":2,"minecraft:granite":19,"minecraft:oak_sapling":4,"minecraft:mutton":23,"minecraft:coal":349,"minecraft:white_wool":14,"minecraft:cobblestone":384,"minecraft:sunflower":2},"minecraft:crafted":{"minecraft:cooked_beef":4,"minecraft:oak_planks":88,"minecraft:crafting_table":3,"minecraft:dried_kelp":3,"minecraft:iron_helmet":1,"minecraft:wooden_pickaxe":1,"minecraft:cooked_chicken":1,"minecraft:iron_sword":2,"minecraft:furnace":2,"minecraft:cooked_salmon":8,"minecraft:stone_axe":1,"minecraft:cooked_mutton":10,"minecraft:oak_boat":1,"minecraft:iron_chestplate":1,"minecraft:iron_boots":1,"minecraft:shield":1,"minecraft:iron_ingot":89,"minecraft:stone_pickaxe":2,"minecraft:stick":60,"minecraft:iron_pickaxe":6,"minecraft:stone_sword":1,"minecraft:white_bed":1,"minecraft:chest":1,"minecraft:iron_leggings":1,"minecraft:oak_button":1,"minecraft:torch":132},"minecraft:custom":{"minecraft:interact_with_furnace":72,"minecraft:mob_kills":50,"minecraft:interact_with_crafting_table":33,"minecraft:bell_ring":1,"minecraft:leave_game":8,"minecraft:time_since_death":45281,"minecraft:sleep_in_bed":13,"minecraft:time_since_rest":15605,"minecraft:sprint_one_cm":276837,"minecraft:damage_taken":1109,"minecraft:walk_one_cm":471487,"minecraft:damage_blocked_by_shield":335,"minecraft:drop":1,"minecraft:damage_dealt":5254,"minecraft:talked_to_villager":4,"minecraft:swim_one_cm":169972,"minecraft:fly_one_cm":440424,"minecraft:open_chest":48,"minecraft:crouch_one_cm":5565,"minecraft:play_time":173895,"minecraft:deaths":1,"minecraft:sneak_time":3944,"minecraft:walk_under_water_one_cm":81337,"minecraft:boat_one_cm":286672,"minecraft:jump":3742,"minecraft:interact_with_blast_furnace":2,"minecraft:walk_on_water_one_cm":29568,"minecraft:total_world_time":173895,"minecraft:fall_one_cm":72463},"minecraft:dropped":{"minecraft:porkchop":5}},"DataVersion":3953}