{"stats":{"minecraft:broken":{"minecraft:wooden_pickaxe":1},"minecraft:used":{"minecraft:birch_planks":7,"minecraft:bread":7,"minecraft:stone_pickaxe":88,"minecraft:wooden_pickaxe":62,"minecraft:fletching_table":2,"minecraft:oak_door":1,"minecraft:cobblestone":5,"minecraft:crafting_table":1,"minecraft:yellow_bed":5},"minecraft:custom":{"minecraft:time_since_rest":17273,"minecraft:sprint_one_cm":325979,"minecraft:damage_taken":1908,"minecraft:walk_one_cm":453509,"minecraft:drop":1,"minecraft:damage_dealt":88,"minecraft:interact_with_crafting_table":3,"minecraft:talked_to_villager":6,"minecraft:fly_one_cm":35904,"minecraft:open_chest":3,"minecraft:crouch_one_cm":1138,"minecraft:play_time":106965,"minecraft:deaths":7,"minecraft:sneak_time":718,"minecraft:walk_under_water_one_cm":3259,"minecraft:jump":750,"minecraft:leave_game":4,"minecraft:walk_on_water_one_cm":4126,"minecraft:time_since_death":41455,"minecraft:sleep_in_bed":2,"minecraft:total_world_time":106965,"minecraft:fall_one_cm":15318},"minecraft:mined":{"minecraft:birch_planks":5,"minecraft:oak_door":1,"minecraft:birch_log":5,"minecraft:wheat":1,"minecraft:birch_leaves":1,"minecraft:powder_snow":1,"minecraft:orange_tulip":1,"minecraft:fletching_table":3,"minecraft:yellow_bed":5,"minecraft:short_grass":12,"minecraft:allium":2,"minecraft:grass_block":25,"minecraft:oak_log":5,"minecraft:dirt_path":3,"minecraft:beetroots":1,"minecraft:dirt":10,"minecraft:cobblestone":2,"minecraft:white_tulip":1,"minecraft:stone":138,"minecraft:oak_planks":1,"minecraft:oak_leaves":4},"minecraft:picked_up":{"minecraft:birch_log":5,"minecraft:allium":2,"minecraft:crafting_table":1,"minecraft:wheat":1,"minecraft:oak_door":1,"minecraft:torch":1,"minecraft:birch_planks":4,"minecraft:oak_log":5,"minecraft:yellow_bed":5,"minecraft:shield":2,"minecraft:dirt":38,"minecraft:rotten_flesh":3,"minecraft:beetroot":1,"minecraft:beetroot_seeds":3,"minecraft:wheat_seeds":4,"minecraft:orange_tulip":1,"minecraft:white_tulip":1,"minecraft:iron_ingot":4,"minecraft:bread":10,"minecraft:fletching_table":3,"minecraft:oak_sapling":2,"minecraft:chest":1,"minecraft:cobblestone":130,"minecraft:egg":1},"minecraft:crafted":{"minecraft:oak_planks":8,"minecraft:crafting_table":1,"minecraft:stick":4,"minecraft:wooden_pickaxe":1,"minecraft:stone_pickaxe":1,"minecraft:birch_planks":12},"minecraft:killed_by":{"minecraft:zombie":3},"minecraft:dropped":{"minecraft:cobblestone":35}},"DataVersion":3953}