{"stats":{"minecraft:used":{"minecraft:stone_sword":19,"minecraft:stone_pickaxe":27,"minecraft:bread":3,"minecraft:oak_planks":15,"minecraft:stone_axe":1,"minecraft:crafting_table":1},"minecraft:custom":{"minecraft:time_since_rest":4069,"minecraft:sprint_one_cm":110306,"minecraft:damage_taken":644,"minecraft:walk_one_cm":100596,"minecraft:mob_kills":1,"minecraft:damage_dealt":1000,"minecraft:interact_with_crafting_table":2,"minecraft:fly_one_cm":58069,"minecraft:open_chest":1,"minecraft:crouch_one_cm":21,"minecraft:play_time":34982,"minecraft:deaths":2,"minecraft:sneak_time":24,"minecraft:jump":446,"minecraft:leave_game":3,"minecraft:time_since_death":3977,"minecraft:total_world_time":34982,"minecraft:fall_one_cm":8871},"minecraft:mined":{"minecraft:iron_ore":3,"minecraft:birch_leaves":1,"minecraft:crafting_table":1,"minecraft:short_grass":5,"minecraft:oak_log":17,"minecraft:cobblestone":1,"minecraft:stone":22,"minecraft:oak_planks":1,"minecraft:oak_leaves":6},"minecraft:picked_up":{"minecraft:crafting_table":3,"minecraft:raw_iron":6,"minecraft:torch":2,"minecraft:oak_log":17,"minecraft:shield":2,"minecraft:stone_sword":1,"minecraft:stone_axe":1,"minecraft:wheat_seeds":1,"minecraft:iron_ingot":3,"minecraft:stone_pickaxe":4,"minecraft:bread":18,"minecraft:oak_sapling":3,"minecraft:oak_planks":24,"minecraft:cobblestone":93},"minecraft:killed":{"minecraft:iron_golem":1},"minecraft:crafted":{"minecraft:oak_planks":64,"minecraft:crafting_table":3,"minecraft:stick":52,"minecraft:stone_pickaxe":4,"minecraft:stone_sword":1,"minecraft:stone_axe":1},"minecraft:killed_by":{"minecraft:iron_golem":1,"minecraft:skeleton":1}},"DataVersion":3953}