{"stats":{"minecraft:mined":{"minecraft:short_grass":13,"minecraft:grass_block":5,"minecraft:dirt":1,"minecraft:tall_grass":1,"minecraft:dandelion":1,"minecraft:oxeye_daisy":1},"minecraft:custom":{"minecraft:open_chest":1,"minecraft:time_since_rest":25168,"minecraft:sprint_one_cm":84422,"minecraft:play_time":44363,"minecraft:damage_taken":549,"minecraft:walk_one_cm":164554,"minecraft:deaths":2,"minecraft:sneak_time":31,"minecraft:walk_under_water_one_cm":8709,"minecraft:drop":1,"minecraft:jump":595,"minecraft:damage_dealt":67,"minecraft:leave_game":4,"minecraft:walk_on_water_one_cm":14030,"minecraft:time_since_death":25103,"minecraft:total_world_time":44363,"minecraft:swim_one_cm":1471,"minecraft:fall_one_cm":7569,"minecraft:fly_one_cm":113037},"minecraft:used":{"minecraft:dirt":23,"minecraft:flint_and_steel":3,"minecraft:golden_axe":5},"minecraft:dropped":{"minecraft:golden_axe":1},"minecraft:picked_up":{"minecraft:flint_and_steel":2,"minecraft:rotten_flesh":3,"minecraft:dandelion":2,"minecraft:fire_charge":1,"minecraft:flint":4,"minecraft:golden_axe":2,"minecraft:dirt":23,"minecraft:egg":1,"minecraft:oxeye_daisy":1},"minecraft:killed_by":{"minecraft:creeper":1,"minecraft:spider":1}},"DataVersion":3953}