{"stats":{"minecraft:used":{"minecraft:cooked_mutton":1,"minecraft:stone_sword":19,"minecraft:stone_pickaxe":131,"minecraft:chest":8,"minecraft:wooden_pickaxe":7,"minecraft:rotten_flesh":2,"minecraft:oak_door":2,"minecraft:torch":52,"minecraft:mutton":2,"minecraft:crafting_table":5,"minecraft:bread":5,"minecraft:iron_pickaxe":203,"minecraft:stone_axe":37,"minecraft:wooden_sword":8,"minecraft:cobblestone":42,"minecraft:furnace":3,"minecraft:yellow_bed":1},"minecraft:broken":{"minecraft:stone_pickaxe":1},"minecraft:custom":{"minecraft:interact_with_furnace":13,"minecraft:mob_kills":5,"minecraft:interact_with_crafting_table":15,"minecraft:leave_game":3,"minecraft:time_since_death":50437,"minecraft:sleep_in_bed":1,"minecraft:time_since_rest":13959,"minecraft:sprint_one_cm":68899,"minecraft:damage_taken":318,"minecraft:walk_one_cm":102182,"minecraft:drop":8,"minecraft:damage_dealt":381,"minecraft:talked_to_villager":1,"minecraft:fly_one_cm":113604,"minecraft:open_chest":12,"minecraft:crouch_one_cm":1068,"minecraft:play_time":50437,"minecraft:sneak_time":961,"minecraft:jump":771,"minecraft:total_world_time":50437,"minecraft:fall_one_cm":13831},"minecraft:mined":{"minecraft:oak_door":1,"minecraft:crafting_table":4,"minecraft:torch":3,"minecraft:short_grass":5,"minecraft:emerald_ore":3,"minecraft:grass_block":7,"minecraft:chest":5,"minecraft:cobblestone":4,"minecraft:wall_torch":2,"minecraft:hay_block":22,"minecraft:furnace":2,"minecraft:birch_log":3,"minecraft:iron_ore":33,"minecraft:yellow_bed":1,"minecraft:oak_log":32,"minecraft:coal_ore":103,"minecraft:dirt":14,"minecraft:stone":191,"minecraft:oak_leaves":1},"minecraft:picked_up":{"minecraft:birch_log":3,"minecraft:crafting_table":3,"minecraft:oak_log":32,"minecraft:yellow_bed":1,"minecraft:string":2,"minecraft:dirt":21,"minecraft:iron_ingot":9,"minecraft:chest":4,"minecraft:furnace":2,"minecraft:raw_iron":39,"minecraft:oak_door":1,"minecraft:torch":6,"minecraft:rotten_flesh":4,"minecraft:hay_block":22,"minecraft:emerald":3,"minecraft:mutton":5,"minecraft:coal":154,"minecraft:white_wool":4,"minecraft:cobblestone":204},"minecraft:killed":{"minecraft:sheep":3,"minecraft:zombie":1},"minecraft:crafted":{"minecraft:wooden_sword":1,"minecraft:oak_door":3,"minecraft:oak_planks":128,"minecraft:crafting_table":2,"minecraft:wooden_pickaxe":1,"minecraft:furnace":1,"minecraft:birch_planks":12,"minecraft:stone_axe":1,"minecraft:bread":27,"minecraft:cooked_mutton":1,"minecraft:shield":4,"minecraft:stick":56,"minecraft:iron_ingot":11,"minecraft:iron_pickaxe":1,"minecraft:stone_pickaxe":1,"minecraft:stone_sword":1,"minecraft:chest":4,"minecraft:torch":64,"minecraft:wheat":81},"minecraft:dropped":{"minecraft:bread":20,"minecraft:iron_ingot":4,"minecraft:shield":3,"minecraft:wooden_sword":1,"minecraft:wooden_pickaxe":1}},"DataVersion":3953}