{"stats":{"minecraft:used":{"minecraft:stone_sword":3,"minecraft:stone_pickaxe":35,"minecraft:wooden_pickaxe":7,"minecraft:rotten_flesh":2,"minecraft:stone_axe":29,"minecraft:torch":2,"minecraft:wooden_sword":8,"minecraft:mutton":2,"minecraft:crafting_table":2},"minecraft:custom":{"minecraft:time_since_rest":13708,"minecraft:sprint_one_cm":26144,"minecraft:damage_taken":191,"minecraft:walk_one_cm":21423,"minecraft:mob_kills":4,"minecraft:drop":2,"minecraft:damage_dealt":281,"minecraft:interact_with_crafting_table":5,"minecraft:fly_one_cm":69807,"minecraft:crouch_one_cm":93,"minecraft:play_time":13708,"minecraft:sneak_time":265,"minecraft:jump":323,"minecraft:leave_game":2,"minecraft:time_since_death":13708,"minecraft:total_world_time":13708,"minecraft:fall_one_cm":8191},"minecraft:mined":{"minecraft:birch_log":3,"minecraft:crafting_table":2,"minecraft:torch":2,"minecraft:short_grass":2,"minecraft:oak_log":32,"minecraft:coal_ore":17,"minecraft:stone":25,"minecraft:oak_leaves":1},"minecraft:picked_up":{"minecraft:birch_log":3,"minecraft:crafting_table":1,"minecraft:torch":2,"minecraft:oak_log":32,"minecraft:rotten_flesh":2,"minecraft:mutton":3,"minecraft:coal":17,"minecraft:white_wool":3,"minecraft:cobblestone":25},"minecraft:killed":{"minecraft:sheep":2,"minecraft:zombie":1},"minecraft:crafted":{"minecraft:wooden_sword":1,"minecraft:oak_planks":20,"minecraft:crafting_table":2,"minecraft:stick":36,"minecraft:wooden_pickaxe":1,"minecraft:stone_pickaxe":1,"minecraft:stone_sword":1,"minecraft:torch":12,"minecraft:birch_planks":12,"minecraft:stone_axe":1},"minecraft:dropped":{"minecraft:wooden_sword":1,"minecraft:wooden_pickaxe":1}},"DataVersion":3953}