{"stats":{"minecraft:killed":{"minecraft:spider":2,"minecraft:skeleton":2,"minecraft:pig":4,"minecraft:sheep":5,"minecraft:zombie":4},"minecraft:used":{"minecraft:cherry_sapling":111,"minecraft:netherite_sword":34,"minecraft:chest":20,"minecraft:wooden_shovel":50,"minecraft:cooked_chicken":15,"minecraft:torch":41,"minecraft:dirt":32,"minecraft:honey_bottle":4,"minecraft:wooden_axe":63,"minecraft:golden_sword":32,"minecraft:oak_sapling":5,"minecraft:furnace":4,"minecraft:cherry_log":210,"minecraft:wheat_seeds":16,"minecraft:cooked_mutton":5,"minecraft:cobblestone_stairs":4,"minecraft:glass_bottle":4,"minecraft:stone_pickaxe":306,"minecraft:wooden_pickaxe":59,"minecraft:cherry_planks":368,"minecraft:crafting_table":6,"minecraft:white_bed":2,"minecraft:cherry_door":1,"minecraft:bread":2,"minecraft:stone_axe":851,"minecraft:pink_petals":10,"minecraft:wooden_sword":65,"minecraft:cobblestone":51,"minecraft:cooked_porkchop":6,"minecraft:yellow_bed":1},"minecraft:broken":{"minecraft:wooden_pickaxe":1,"minecraft:stone_pickaxe":2,"minecraft:golden_sword":1,"minecraft:stone_axe":6,"minecraft:wooden_axe":1},"minecraft:mined":{"minecraft:white_bed":4,"minecraft:cherry_log":548,"minecraft:brewing_stand":1,"minecraft:granite":1,"minecraft:allium":3,"minecraft:grass_block":36,"minecraft:oxeye_daisy":4,"minecraft:hay_block":9,"minecraft:magma_block":14,"minecraft:furnace":3,"minecraft:carrots":7,"minecraft:azure_bluet":6,"minecraft:peony":17,"minecraft:potatoes":2,"minecraft:red_tulip":5,"minecraft:dirt_path":1,"minecraft:pink_tulip":8,"minecraft:stone":151,"minecraft:white_tulip":7,"minecraft:cherry_planks":43,"minecraft:stone_brick_slab":2,"minecraft:clay":4,"minecraft:crafting_table":4,"minecraft:torch":8,"minecraft:short_grass":19,"minecraft:blast_furnace":2,"minecraft:chest":3,"minecraft:rose_bush":12,"minecraft:copper_ore":24,"minecraft:tall_grass":5,"minecraft:sugar_cane":3,"minecraft:bricks":2,"minecraft:wall_torch":12,"minecraft:pink_petals":44,"minecraft:wheat":16,"minecraft:orange_tulip":1,"minecraft:yellow_bed":1,"minecraft:oak_log":21,"minecraft:coal_ore":111,"minecraft:beetroots":2,"minecraft:cherry_leaves":534,"minecraft:sand":7,"minecraft:dirt":26,"minecraft:cracked_stone_bricks":1,"minecraft:terracotta":2,"minecraft:stonecutter":1,"minecraft:stone_bricks":1,"minecraft:netherrack":40,"minecraft:oak_leaves":13},"minecraft:picked_up":{"minecraft:crafting_table":4,"minecraft:allium":6,"minecraft:azure_bluet":12,"minecraft:clay_ball":16,"minecraft:brewing_stand":1,"minecraft:string":4,"minecraft:raw_copper":95,"minecraft:cracked_stone_bricks":1,"minecraft:netherite_sword":1,"minecraft:white_tulip":14,"minecraft:rose_bush":18,"minecraft:sugar_cane":6,"minecraft:chest":3,"minecraft:furnace":3,"minecraft:stick":66,"minecraft:torch":21,"minecraft:porkchop":10,"minecraft:cherry_log":546,"minecraft:carrot":7,"minecraft:arrow":4,"minecraft:rotten_flesh":5,"minecraft:beetroot_seeds":2,"minecraft:peony":31,"minecraft:hay_block":9,"minecraft:red_tulip":7,"minecraft:pink_tulip":11,"minecraft:mutton":9,"minecraft:white_wool":4,"minecraft:cobblestone":149,"minecraft:oxeye_daisy":8,"minecraft:pink_petals":93,"minecraft:magma_block":8,"minecraft:feather":2,"minecraft:cherry_planks":43,"minecraft:potato":2,"minecraft:oak_log":21,"minecraft:yellow_bed":1,"minecraft:dirt":53,"minecraft:cooked_mutton":1,"minecraft:glass":2,"minecraft:bone":5,"minecraft:stonecutter":1,"minecraft:wheat_seeds":20,"minecraft:orange_tulip":2,"minecraft:stone_brick_slab":2,"minecraft:sand":7,"minecraft:blast_furnace":2,"minecraft:white_bed":4,"minecraft:spider_eye":1,"minecraft:granite":2,"minecraft:cherry_sapling":137,"minecraft:gray_wool":3,"minecraft:terracotta":2,"minecraft:oak_sapling":3,"minecraft:black_wool":3,"minecraft:netherrack":27,"minecraft:bricks":2,"minecraft:coal":223},"minecraft:crafted":{"minecraft:cherry_planks":348,"minecraft:wooden_sword":2,"minecraft:oak_planks":60,"minecraft:furnace":1,"minecraft:stone":35,"minecraft:cobblestone_stairs":4,"minecraft:cooked_mutton":5,"minecraft:glass":5,"minecraft:stone_pickaxe":3,"minecraft:chest":3,"minecraft:glass_bottle":3,"minecraft:wooden_shovel":2,"minecraft:cooked_porkchop":7,"minecraft:crafting_table":2,"minecraft:wooden_pickaxe":2,"minecraft:stone_axe":9,"minecraft:stick":16,"minecraft:wooden_axe":1,"minecraft:cherry_door":3,"minecraft:torch":20},"minecraft:custom":{"minecraft:mob_kills":18,"minecraft:interact_with_crafting_table":27,"minecraft:leave_game":3,"minecraft:time_since_death":138103,"minecraft:climb_one_cm":952,"minecraft:sprint_one_cm":398283,"minecraft:walk_one_cm":603552,"minecraft:drop":2,"minecraft:play_time":223888,"minecraft:deaths":4,"minecraft:sneak_time":20432,"minecraft:walk_under_water_one_cm":1683,"minecraft:jump":2121,"minecraft:interact_with_brewingstand":1,"minecraft:interact_with_blast_furnace":3,"minecraft:walk_on_water_one_cm":8591,"minecraft:total_world_time":223888,"minecraft:interact_with_furnace":20,"minecraft:sleep_in_bed":4,"minecraft:time_since_rest":94212,"minecraft:damage_taken":2661,"minecraft:damage_dealt":2189,"minecraft:swim_one_cm":45755,"minecraft:fly_one_cm":223440,"minecraft:open_chest":65,"minecraft:crouch_one_cm":6567,"minecraft:fall_one_cm":38568},"minecraft:killed_by":{"minecraft:spider":2,"minecraft:skeleton":1,"minecraft:zombie":1},"minecraft:dropped":{"minecraft:dandelion":1,"minecraft:golden_sword":1}},"DataVersion":3953}