{"stats":{"minecraft:custom":{"minecraft:time_since_rest":6655,"minecraft:crouch_one_cm":126,"minecraft:play_time":19661,"minecraft:sprint_one_cm":11829,"minecraft:damage_taken":300,"minecraft:deaths":1,"minecraft:walk_one_cm":13073,"minecraft:sneak_time":52,"minecraft:walk_under_water_one_cm":979,"minecraft:mob_kills":11,"minecraft:jump":62,"minecraft:damage_dealt":50,"minecraft:leave_game":4,"minecraft:walk_on_water_one_cm":171,"minecraft:time_since_death":6548,"minecraft:climb_one_cm":210,"minecraft:total_world_time":19661,"minecraft:talked_to_villager":3,"minecraft:fall_one_cm":1666,"minecraft:fly_one_cm":508130},"minecraft:killed":{"minecraft:spider":1,"minecraft:sheep":4,"minecraft:skeleton":1,"minecraft:pig":2,"minecraft:cow":3},"minecraft:picked_up":{"minecraft:beef":1,"minecraft:dirt":3,"minecraft:cobblestone":16},"minecraft:killed_by":{"minecraft:player":1},"minecraft:mined":{"minecraft:grass_block":3,"minecraft:dirt":1,"minecraft:birch_leaves":3},"minecraft:used":{"minecraft:bow":61,"minecraft:flint_and_steel":5,"minecraft:tnt":163}},"DataVersion":3953}