{"stats":{"minecraft:custom":{"minecraft:jump":12,"minecraft:time_since_rest":2680,"minecraft:play_time":2680,"minecraft:leave_game":2,"minecraft:sprint_one_cm":2040,"minecraft:damage_taken":20,"minecraft:time_since_death":2680,"minecraft:walk_one_cm":2615,"minecraft:total_world_time":2680,"minecraft:fall_one_cm":693,"minecraft:fly_one_cm":1089},"minecraft:picked_up":{"minecraft:dirt":3},"minecraft:mined":{"minecraft:grass_block":3,"minecraft:birch_leaves":3,"minecraft:dirt":1}},"DataVersion":3953}