{"stats":{"minecraft:killed":{"minecraft:cow":1},"minecraft:picked_up":{"minecraft:beef":2,"minecraft:allium":9,"minecraft:leather":2,"minecraft:wheat_seeds":13,"minecraft:cornflower":5},"minecraft:used":{"minecraft:smooth_quartz":1398},"minecraft:custom":{"minecraft:jump":32,"minecraft:time_since_rest":25312,"minecraft:damage_dealt":100,"minecraft:walk_on_water_one_cm":15265,"minecraft:play_time":25312,"minecraft:leave_game":1,"minecraft:sprint_one_cm":5394,"minecraft:damage_taken":70,"minecraft:time_since_death":25312,"minecraft:walk_one_cm":5190,"minecraft:total_world_time":25312,"minecraft:mob_kills":1,"minecraft:fall_one_cm":1503,"minecraft:fly_one_cm":579076}},"DataVersion":3953}