{"stats":{"minecraft:picked_up":{"minecraft:allium":9,"minecraft:leather":2,"minecraft:wheat_seeds":13,"minecraft:beef":2,"minecraft:golden_shovel":1,"minecraft:cornflower":5},"minecraft:dropped":{"minecraft:wheat_seeds":13,"minecraft:golden_shovel":1},"minecraft:used":{"minecraft:farmland":9,"minecraft:netherite_sword":13,"minecraft:flint_and_steel":1,"minecraft:tnt":1,"minecraft:grass_block":46,"minecraft:verdant_froglight":43,"minecraft:ochre_froglight":67,"minecraft:pearlescent_froglight":74,"minecraft:smooth_quartz":2203},"minecraft:custom":{"minecraft:time_since_rest":67311,"minecraft:play_time":67311,"minecraft:sprint_one_cm":10202,"minecraft:damage_taken":70,"minecraft:walk_one_cm":20234,"minecraft:sneak_time":4,"minecraft:mob_kills":5,"minecraft:drop":2,"minecraft:jump":65,"minecraft:damage_dealt":785,"minecraft:leave_game":1,"minecraft:walk_on_water_one_cm":15265,"minecraft:time_since_death":67311,"minecraft:total_world_time":67311,"minecraft:fall_one_cm":1503,"minecraft:fly_one_cm":947538},"minecraft:killed":{"minecraft:zombie":4,"minecraft:cow":1}},"DataVersion":3953}