{"stats":{"minecraft:custom":{"minecraft:time_since_rest":37743,"minecraft:sprint_one_cm":97203,"minecraft:damage_absorbed":20,"minecraft:damage_taken":252,"minecraft:walk_one_cm":68976,"minecraft:mob_kills":16,"minecraft:damage_dealt":1232,"minecraft:fly_one_cm":305650,"minecraft:open_chest":1,"minecraft:crouch_one_cm":375,"minecraft:play_time":37743,"minecraft:sneak_time":84,"minecraft:walk_under_water_one_cm":16777,"minecraft:jump":235,"minecraft:leave_game":5,"minecraft:walk_on_water_one_cm":1186,"minecraft:time_since_death":37743,"minecraft:total_world_time":37743,"minecraft:fall_one_cm":4086},"minecraft:killed":{"minecraft:skeleton":1,"minecraft:wolf":1,"minecraft:zombie":2,"minecraft:pig":1,"minecraft:witch":1,"minecraft:stray":3,"minecraft:spider":2,"minecraft:rabbit":2,"minecraft:creeper":2},"minecraft:picked_up":{"minecraft:tipped_arrow":1,"minecraft:stick":2,"minecraft:porkchop":1,"minecraft:spruce_log":7,"minecraft:gunpowder":1,"minecraft:redstone":5,"minecraft:string":2,"minecraft:dirt":13,"minecraft:raw_copper":3,"minecraft:arrow":1,"minecraft:bone":3,"minecraft:rotten_flesh":4,"minecraft:sugar":1,"minecraft:bow":1,"minecraft:wheat_seeds":1,"minecraft:poppy":1,"minecraft:coal":3,"minecraft:cobblestone":146},"minecraft:mined":{"minecraft:spruce_log":7,"minecraft:short_grass":3,"minecraft:grass_block":5,"minecraft:poppy":1,"minecraft:dirt":8,"minecraft:copper_ore":1,"minecraft:spruce_leaves":3,"minecraft:stone":70},"minecraft:used":{"minecraft:netherite_sword":42,"minecraft:diamond_pickaxe":82,"minecraft:iron_ore":44,"minecraft:mace":22,"minecraft:flint_and_steel":2,"minecraft:bedrock":25,"minecraft:golden_apple":8,"minecraft:dirt":7,"minecraft:magma_block":67,"minecraft:bow":55,"minecraft:tnt":92,"minecraft:crossbow":9,"minecraft:potato":16,"minecraft:spruce_log":12}},"DataVersion":3953}