{"stats":{"minecraft:used":{"minecraft:cooked_mutton":1,"minecraft:stone_sword":3,"minecraft:bread":2,"minecraft:stone_pickaxe":131,"minecraft:iron_pickaxe":96,"minecraft:wooden_pickaxe":7,"minecraft:rotten_flesh":2,"minecraft:stone_axe":30,"minecraft:torch":8,"minecraft:wooden_sword":8,"minecraft:cobblestone":17,"minecraft:mutton":2,"minecraft:crafting_table":3,"minecraft:furnace":1},"minecraft:broken":{"minecraft:stone_pickaxe":1},"minecraft:custom":{"minecraft:time_since_rest":31708,"minecraft:interact_with_furnace":7,"minecraft:sprint_one_cm":39210,"minecraft:damage_taken":211,"minecraft:walk_one_cm":57305,"minecraft:mob_kills":4,"minecraft:drop":2,"minecraft:damage_dealt":281,"minecraft:interact_with_crafting_table":7,"minecraft:fly_one_cm":83000,"minecraft:open_chest":2,"minecraft:crouch_one_cm":140,"minecraft:play_time":31708,"minecraft:sneak_time":534,"minecraft:jump":550,"minecraft:leave_game":2,"minecraft:time_since_death":31708,"minecraft:total_world_time":31708,"minecraft:fall_one_cm":10058},"minecraft:mined":{"minecraft:hay_block":9,"minecraft:furnace":1,"minecraft:iron_ore":8,"minecraft:birch_log":3,"minecraft:yellow_bed":1,"minecraft:crafting_table":3,"minecraft:torch":2,"minecraft:emerald_ore":3,"minecraft:grass_block":6,"minecraft:short_grass":4,"minecraft:oak_log":32,"minecraft:coal_ore":83,"minecraft:dirt":13,"minecraft:cobblestone":4,"minecraft:stone":131,"minecraft:oak_leaves":1,"minecraft:wall_torch":1},"minecraft:picked_up":{"minecraft:birch_log":3,"minecraft:raw_iron":8,"minecraft:crafting_table":2,"minecraft:torch":3,"minecraft:oak_log":32,"minecraft:yellow_bed":1,"minecraft:dirt":19,"minecraft:rotten_flesh":2,"minecraft:hay_block":9,"minecraft:emerald":3,"minecraft:mutton":3,"minecraft:coal":124,"minecraft:white_wool":3,"minecraft:cobblestone":134,"minecraft:furnace":1},"minecraft:killed":{"minecraft:sheep":2,"minecraft:zombie":1},"minecraft:crafted":{"minecraft:wooden_sword":1,"minecraft:oak_planks":128,"minecraft:shield":1,"minecraft:crafting_table":2,"minecraft:stick":36,"minecraft:iron_pickaxe":1,"minecraft:iron_ingot":8,"minecraft:wooden_pickaxe":1,"minecraft:stone_pickaxe":1,"minecraft:stone_sword":1,"minecraft:furnace":1,"minecraft:torch":12,"minecraft:birch_planks":12,"minecraft:stone_axe":1,"minecraft:cooked_mutton":1},"minecraft:dropped":{"minecraft:wooden_sword":1,"minecraft:wooden_pickaxe":1}},"DataVersion":3953}