{"stats":{"minecraft:used":{"minecraft:bread":7,"minecraft:crafting_table":1,"minecraft:yellow_bed":2},"minecraft:custom":{"minecraft:time_since_rest":11549,"minecraft:sprint_one_cm":308897,"minecraft:damage_taken":1840,"minecraft:walk_one_cm":353519,"minecraft:damage_dealt":88,"minecraft:interact_with_crafting_table":1,"minecraft:talked_to_villager":1,"minecraft:fly_one_cm":33190,"minecraft:open_chest":2,"minecraft:crouch_one_cm":1138,"minecraft:play_time":76965,"minecraft:deaths":7,"minecraft:sneak_time":674,"minecraft:walk_under_water_one_cm":3259,"minecraft:jump":650,"minecraft:leave_game":4,"minecraft:walk_on_water_one_cm":4126,"minecraft:time_since_death":11455,"minecraft:sleep_in_bed":1,"minecraft:total_world_time":76965,"minecraft:fall_one_cm":14705},"minecraft:mined":{"minecraft:birch_planks":1,"minecraft:birch_log":1,"minecraft:wheat":1,"minecraft:powder_snow":1,"minecraft:orange_tulip":1,"minecraft:yellow_bed":2,"minecraft:short_grass":8,"minecraft:allium":2,"minecraft:grass_block":25,"minecraft:oak_log":3,"minecraft:dirt_path":3,"minecraft:beetroots":1,"minecraft:dirt":10,"minecraft:oak_planks":1,"minecraft:oak_leaves":4},"minecraft:picked_up":{"minecraft:birch_log":1,"minecraft:allium":2,"minecraft:crafting_table":1,"minecraft:wheat":1,"minecraft:oak_log":3,"minecraft:yellow_bed":2,"minecraft:dirt":38,"minecraft:rotten_flesh":3,"minecraft:beetroot":1,"minecraft:beetroot_seeds":3,"minecraft:wheat_seeds":4,"minecraft:orange_tulip":1,"minecraft:oak_sapling":2,"minecraft:egg":1},"minecraft:crafted":{"minecraft:oak_planks":8,"minecraft:crafting_table":1,"minecraft:stick":4},"minecraft:killed_by":{"minecraft:zombie":3}},"DataVersion":3953}