{"stats":{"minecraft:mined":{"minecraft:grass_block":1,"minecraft:dirt":1,"minecraft:powder_snow":32},"minecraft:custom":{"minecraft:time_since_rest":6440,"minecraft:crouch_one_cm":428,"minecraft:play_time":36673,"minecraft:sprint_one_cm":33978,"minecraft:deaths":4,"minecraft:damage_taken":1034,"minecraft:walk_one_cm":56185,"minecraft:sneak_time":410,"minecraft:walk_under_water_one_cm":5402,"minecraft:jump":288,"minecraft:damage_dealt":122,"minecraft:leave_game":7,"minecraft:walk_on_water_one_cm":6111,"minecraft:time_since_death":6257,"minecraft:total_world_time":36673,"minecraft:swim_one_cm":8109,"minecraft:fall_one_cm":5756,"minecraft:fly_one_cm":19434},"minecraft:used":{"minecraft:dirt":2},"minecraft:picked_up":{"minecraft:dirt":2},"minecraft:killed_by":{"minecraft:skeleton":1,"minecraft:spider":1}},"DataVersion":3953}