{"stats":{"minecraft:picked_up":{"minecraft:pink_petals":2,"minecraft:allium":9,"minecraft:leather":2,"minecraft:wheat_seeds":13,"minecraft:beef":2,"minecraft:golden_shovel":1,"minecraft:golden_sword":1,"minecraft:cornflower":5},"minecraft:dropped":{"minecraft:wheat_seeds":13,"minecraft:golden_shovel":1,"minecraft:netherite_sword":1},"minecraft:used":{"minecraft:farmland":9,"minecraft:crimson_sign":2,"minecraft:netherite_sword":13,"minecraft:flint_and_steel":1,"minecraft:tnt":1,"minecraft:grass_block":46,"minecraft:birch_sign":3,"minecraft:verdant_froglight":82,"minecraft:quartz_block":5,"minecraft:ochre_froglight":67,"minecraft:pearlescent_froglight":74,"minecraft:smooth_quartz":2203},"minecraft:custom":{"minecraft:time_since_rest":16892,"minecraft:crouch_one_cm":137,"minecraft:play_time":91311,"minecraft:sprint_one_cm":12410,"minecraft:damage_taken":70,"minecraft:walk_one_cm":26493,"minecraft:sneak_time":48,"minecraft:walk_under_water_one_cm":20571,"minecraft:mob_kills":5,"minecraft:drop":3,"minecraft:jump":69,"minecraft:damage_dealt":785,"minecraft:leave_game":1,"minecraft:walk_on_water_one_cm":24876,"minecraft:time_since_death":91311,"minecraft:sleep_in_bed":1,"minecraft:total_world_time":91311,"minecraft:fall_one_cm":1503,"minecraft:fly_one_cm":1846037},"minecraft:killed":{"minecraft:zombie":4,"minecraft:cow":1}},"DataVersion":3953}