{"stats":{"minecraft:killed":{"minecraft:spider":3,"minecraft:creeper":3,"minecraft:skeleton":2,"minecraft:zombie":6,"minecraft:cow":1},"minecraft:used":{"minecraft:netherite_sword":70,"minecraft:flint_and_steel":1,"minecraft:bamboo_sign":3,"minecraft:ladder":73,"minecraft:chest":11,"minecraft:farmland":9,"minecraft:tnt":1,"minecraft:blue_stained_glass":47,"minecraft:birch_sign":3,"minecraft:blast_furnace":1,"minecraft:white_bed":1,"minecraft:ochre_froglight":67,"minecraft:light_blue_stained_glass":8,"minecraft:warped_planks":159,"minecraft:shroomlight":22,"minecraft:dark_oak_planks":268,"minecraft:grass_block":47,"minecraft:verdant_froglight":82,"minecraft:quartz_block":5,"minecraft:cherry_sign":2,"minecraft:smooth_quartz":2203,"minecraft:crimson_sign":2,"minecraft:furnace":2,"minecraft:pearlescent_froglight":85},"minecraft:mined":{"minecraft:white_bed":1,"minecraft:lilac":1,"minecraft:peony":4},"minecraft:picked_up":{"minecraft:wooden_axe":1,"minecraft:pink_petals":10,"minecraft:allium":9,"minecraft:azure_bluet":12,"minecraft:ladder":9,"minecraft:clay_ball":16,"minecraft:salmon":1,"minecraft:leather":2,"minecraft:golden_leggings":1,"minecraft:potato":2,"minecraft:golden_shovel":1,"minecraft:oak_log":6,"minecraft:brewing_stand":1,"minecraft:golden_sword":1,"minecraft:gunpowder":3,"minecraft:cornflower":5,"minecraft:string":1,"minecraft:raw_copper":128,"minecraft:flint_and_steel":1,"minecraft:glass":4,"minecraft:bone":7,"minecraft:pearlescent_froglight":64,"minecraft:stonecutter":1,"minecraft:orange_tulip":1,"minecraft:wheat_seeds":13,"minecraft:gold_nugget":74,"minecraft:netherite_sword":1,"minecraft:beef":2,"minecraft:stone_pickaxe":3,"minecraft:rose_bush":20,"minecraft:iron_nugget":33,"minecraft:wooden_shovel":1,"minecraft:glass_bottle":3,"minecraft:enchanted_golden_apple":64,"minecraft:sugar_cane":12,"minecraft:chest":64,"minecraft:furnace":64,"minecraft:copper_ingot":62,"minecraft:torch":36,"minecraft:blast_furnace":2,"minecraft:white_bed":4,"minecraft:grass_block":64,"minecraft:carrot":14,"minecraft:spider_eye":1,"minecraft:arrow":4,"minecraft:rotten_flesh":1,"minecraft:diamond":64,"minecraft:beetroot_seeds":2,"minecraft:peony":38,"minecraft:pink_tulip":16,"minecraft:bread":8,"minecraft:terracotta":2,"minecraft:obsidian":2,"minecraft:mutton":6,"minecraft:bricks":2,"minecraft:coal":55,"minecraft:white_wool":1,"minecraft:cobblestone":20},"minecraft:custom":{"minecraft:mob_kills":15,"minecraft:leave_game":7,"minecraft:sleep_in_bed":1,"minecraft:time_since_death":3247,"minecraft:climb_one_cm":31109,"minecraft:time_since_rest":3326,"minecraft:sprint_one_cm":49489,"minecraft:damage_taken":1279,"minecraft:walk_one_cm":123169,"minecraft:drop":5,"minecraft:damage_dealt":2673,"minecraft:swim_one_cm":4987,"minecraft:fly_one_cm":2881809,"minecraft:open_chest":25,"minecraft:crouch_one_cm":836,"minecraft:play_time":197557,"minecraft:deaths":5,"minecraft:sneak_time":1920,"minecraft:walk_under_water_one_cm":85021,"minecraft:aviate_one_cm":102722,"minecraft:jump":184,"minecraft:walk_on_water_one_cm":27536,"minecraft:total_world_time":197557,"minecraft:fall_one_cm":10495},"minecraft:dropped":{"minecraft:wheat_seeds":13,"minecraft:diamond":64,"minecraft:netherite_sword":1,"minecraft:obsidian":1,"minecraft:golden_shovel":1}},"DataVersion":3953}