{"stats":{"minecraft:picked_up":{"minecraft:birch_log":5,"minecraft:crafting_table":1,"minecraft:oak_log":5,"minecraft:mutton":1,"minecraft:cornflower":1,"minecraft:white_wool":1,"minecraft:cobblestone":19},"minecraft:mined":{"minecraft:short_grass":1,"minecraft:oak_log":5,"minecraft:birch_log":5,"minecraft:stone":22,"minecraft:oak_leaves":2,"minecraft:crafting_table":1,"minecraft:cornflower":1},"minecraft:crafted":{"minecraft:blue_dye":1,"minecraft:birch_planks":20,"minecraft:crafting_table":1,"minecraft:stick":4,"minecraft:wooden_pickaxe":1},"minecraft:used":{"minecraft:crafting_table":1,"minecraft:wooden_pickaxe":22},"minecraft:custom":{"minecraft:time_since_rest":6000,"minecraft:play_time":6000,"minecraft:sprint_one_cm":12656,"minecraft:damage_taken":10,"minecraft:walk_one_cm":9874,"minecraft:mob_kills":1,"minecraft:jump":30,"minecraft:damage_dealt":80,"minecraft:time_since_death":6000,"minecraft:total_world_time":6000,"minecraft:fly_one_cm":5122,"minecraft:fall_one_cm":1229,"minecraft:interact_with_crafting_table":1},"minecraft:killed":{"minecraft:sheep":1}},"DataVersion":3953}