{"stats":{"minecraft:killed":{"minecraft:cow":1},"minecraft:picked_up":{"minecraft:beef":2,"minecraft:leather":2},"minecraft:custom":{"minecraft:jump":29,"minecraft:time_since_rest":1317,"minecraft:damage_dealt":100,"minecraft:leave_game":1,"minecraft:sprint_one_cm":5146,"minecraft:play_time":1317,"minecraft:damage_taken":70,"minecraft:time_since_death":1317,"minecraft:walk_one_cm":3998,"minecraft:total_world_time":1317,"minecraft:mob_kills":1,"minecraft:fall_one_cm":1503,"minecraft:fly_one_cm":2370}},"DataVersion":3953}