{"stats":{"minecraft:used":{"minecraft:stone_axe":1,"minecraft:crafting_table":1,"minecraft:bread":2},"minecraft:custom":{"minecraft:time_since_rest":13930,"minecraft:open_chest":1,"minecraft:crouch_one_cm":21,"minecraft:deaths":1,"minecraft:sprint_one_cm":84366,"minecraft:play_time":24541,"minecraft:damage_taken":285,"minecraft:walk_one_cm":62469,"minecraft:sneak_time":24,"minecraft:jump":300,"minecraft:leave_game":2,"minecraft:time_since_death":13543,"minecraft:total_world_time":24541,"minecraft:interact_with_crafting_table":1,"minecraft:fall_one_cm":6633,"minecraft:fly_one_cm":49409},"minecraft:mined":{"minecraft:short_grass":3,"minecraft:oak_log":17,"minecraft:birch_leaves":1,"minecraft:oak_leaves":6,"minecraft:crafting_table":1},"minecraft:picked_up":{"minecraft:crafting_table":1,"minecraft:oak_log":17,"minecraft:bread":10,"minecraft:shield":1,"minecraft:oak_sapling":3,"minecraft:cobblestone":36},"minecraft:crafted":{"minecraft:stone_sword":1,"minecraft:oak_planks":64,"minecraft:stone_axe":1,"minecraft:crafting_table":3,"minecraft:stick":52,"minecraft:stone_pickaxe":1},"minecraft:killed_by":{"minecraft:skeleton":1}},"DataVersion":3953}