{"stats":{"minecraft:broken":{"minecraft:wooden_pickaxe":1},"minecraft:picked_up":{"minecraft:crafting_table":2,"minecraft:clay_ball":16,"minecraft:potato":2,"minecraft:oak_log":15,"minecraft:brewing_stand":1,"minecraft:yellow_bed":1,"minecraft:dirt":4,"minecraft:raw_copper":95,"minecraft:stonecutter":1,"minecraft:wheat_seeds":16,"minecraft:furnace":1,"minecraft:torch":11,"minecraft:porkchop":3,"minecraft:sand":7,"minecraft:blast_furnace":1,"minecraft:white_bed":2,"minecraft:carrot":7,"minecraft:arrow":2,"minecraft:beetroot_seeds":2,"minecraft:hay_block":9,"minecraft:granite":1,"minecraft:gray_wool":1,"minecraft:terracotta":2,"minecraft:oak_sapling":3,"minecraft:mutton":2,"minecraft:bricks":2,"minecraft:coal":61,"minecraft:white_wool":1,"minecraft:cobblestone":85},"minecraft:mined":{"minecraft:white_bed":2,"minecraft:brewing_stand":1,"minecraft:clay":4,"minecraft:crafting_table":2,"minecraft:torch":4,"minecraft:granite":1,"minecraft:blast_furnace":1,"minecraft:grass_block":3,"minecraft:copper_ore":24,"minecraft:bricks":2,"minecraft:wall_torch":7,"minecraft:hay_block":9,"minecraft:furnace":1,"minecraft:carrots":7,"minecraft:wheat":16,"minecraft:yellow_bed":1,"minecraft:potatoes":2,"minecraft:coal_ore":62,"minecraft:oak_log":15,"minecraft:dirt_path":1,"minecraft:beetroots":2,"minecraft:sand":7,"minecraft:terracotta":2,"minecraft:stonecutter":1,"minecraft:stone":87,"minecraft:oak_leaves":9},"minecraft:crafted":{"minecraft:wooden_sword":2,"minecraft:oak_planks":24,"minecraft:wooden_shovel":1,"minecraft:cooked_porkchop":3,"minecraft:crafting_table":1,"minecraft:wooden_pickaxe":1,"minecraft:furnace":1,"minecraft:cooked_mutton":2,"minecraft:glass":4,"minecraft:stick":16,"minecraft:stone_pickaxe":2,"minecraft:wooden_axe":1,"minecraft:torch":16},"minecraft:used":{"minecraft:wheat_seeds":16,"minecraft:cooked_mutton":2,"minecraft:stone_pickaxe":131,"minecraft:wooden_pickaxe":59,"minecraft:wooden_shovel":11,"minecraft:torch":9,"minecraft:dirt":4,"minecraft:crafting_table":3,"minecraft:wooden_axe":2,"minecraft:wooden_sword":32,"minecraft:cobblestone":51,"minecraft:oak_sapling":5,"minecraft:furnace":2,"minecraft:cooked_porkchop":3,"minecraft:yellow_bed":1},"minecraft:custom":{"minecraft:interact_with_furnace":7,"minecraft:mob_kills":4,"minecraft:interact_with_crafting_table":5,"minecraft:time_since_death":42000,"minecraft:sleep_in_bed":1,"minecraft:climb_one_cm":952,"minecraft:time_since_rest":8548,"minecraft:sprint_one_cm":85014,"minecraft:damage_taken":315,"minecraft:walk_one_cm":121793,"minecraft:damage_dealt":472,"minecraft:swim_one_cm":14946,"minecraft:fly_one_cm":22785,"minecraft:open_chest":3,"minecraft:crouch_one_cm":1087,"minecraft:play_time":42000,"minecraft:sneak_time":562,"minecraft:walk_under_water_one_cm":79,"minecraft:interact_with_brewingstand":1,"minecraft:jump":415,"minecraft:walk_on_water_one_cm":1883,"minecraft:total_world_time":42000,"minecraft:fall_one_cm":6234},"minecraft:killed":{"minecraft:pig":1,"minecraft:sheep":2,"minecraft:skeleton":1}},"DataVersion":3953}