{"stats":{"minecraft:killed":{"minecraft:sheep":3},"minecraft:custom":{"minecraft:jump":17,"minecraft:time_since_rest":3773,"minecraft:damage_dealt":239,"minecraft:sprint_one_cm":7148,"minecraft:leave_game":2,"minecraft:play_time":3773,"minecraft:time_since_death":3773,"minecraft:walk_one_cm":6631,"minecraft:climb_one_cm":75,"minecraft:total_world_time":3773,"minecraft:mob_kills":3,"minecraft:fly_one_cm":1767},"minecraft:mined":{"minecraft:short_grass":13,"minecraft:grass_block":3,"minecraft:oak_leaves":4,"minecraft:fern":3},"minecraft:picked_up":{"minecraft:mutton":4,"minecraft:wheat_seeds":2,"minecraft:white_wool":3,"minecraft:dirt":3}},"DataVersion":3953}