{"stats":{"minecraft:used":{"minecraft:diamond_pickaxe":4,"minecraft:diamond_boots":1,"minecraft:diamond_shovel":5,"minecraft:iron_axe":8,"minecraft:cooked_salmon":8,"minecraft:diamond_chestplate":1,"minecraft:dirt":16,"minecraft:cobblestone":4,"minecraft:crafting_table":1,"minecraft:oak_sapling":1,"minecraft:allium":1,"minecraft:diamond_helmet":1,"minecraft:diamond_leggings":1},"minecraft:mined":{"minecraft:dark_oak_planks":7,"minecraft:powder_snow":1,"minecraft:crafting_table":1,"minecraft:short_grass":2,"minecraft:allium":1,"minecraft:grass_block":3,"minecraft:dirt":17,"minecraft:stone":4,"minecraft:oak_leaves":34},"minecraft:picked_up":{"minecraft:crafting_table":1,"minecraft:allium":1,"minecraft:dirt":19,"minecraft:dark_oak_planks":7,"minecraft:oak_sapling":1,"minecraft:cobblestone":4},"minecraft:crafted":{"minecraft:diamond_helmet":1,"minecraft:diamond_leggings":1,"minecraft:crafting_table":1,"minecraft:diamond_boots":1,"minecraft:diamond_chestplate":1},"minecraft:custom":{"minecraft:time_since_rest":23199,"minecraft:sprint_one_cm":85993,"minecraft:damage_taken":608,"minecraft:walk_one_cm":50523,"minecraft:swim_one_cm":67681,"minecraft:interact_with_crafting_table":1,"minecraft:fly_one_cm":109680,"minecraft:open_chest":8,"minecraft:crouch_one_cm":1768,"minecraft:play_time":28068,"minecraft:deaths":1,"minecraft:sneak_time":939,"minecraft:walk_under_water_one_cm":8035,"minecraft:jump":627,"minecraft:leave_game":2,"minecraft:time_since_death":23164,"minecraft:walk_on_water_one_cm":16496,"minecraft:sleep_in_bed":1,"minecraft:total_world_time":28068,"minecraft:climb_one_cm":6495,"minecraft:fall_one_cm":18048},"minecraft:killed_by":{"minecraft:skeleton":1}},"DataVersion":3953}