{"stats":{"minecraft:picked_up":{"minecraft:wheat":1,"minecraft:rotten_flesh":1,"minecraft:beetroot":1,"minecraft:beetroot_seeds":3,"minecraft:wheat_seeds":2,"minecraft:yellow_bed":2,"minecraft:dirt":18,"minecraft:egg":1},"minecraft:mined":{"minecraft:grass_block":11,"minecraft:beetroots":1,"minecraft:dirt":7,"minecraft:wheat":1,"minecraft:oak_leaves":4,"minecraft:yellow_bed":2},"minecraft:killed_by":{"minecraft:zombie":3},"minecraft:used":{"minecraft:bread":6,"minecraft:yellow_bed":2},"minecraft:custom":{"minecraft:time_since_rest":34171,"minecraft:open_chest":2,"minecraft:play_time":37173,"minecraft:crouch_one_cm":899,"minecraft:sprint_one_cm":129418,"minecraft:damage_taken":1210,"minecraft:walk_one_cm":177666,"minecraft:deaths":4,"minecraft:sneak_time":537,"minecraft:walk_under_water_one_cm":2012,"minecraft:jump":364,"minecraft:damage_dealt":78,"minecraft:leave_game":2,"minecraft:walk_on_water_one_cm":3789,"minecraft:time_since_death":33155,"minecraft:total_world_time":37173,"minecraft:talked_to_villager":1,"minecraft:fall_one_cm":5808,"minecraft:fly_one_cm":16292}},"DataVersion":3953}