{"stats":{"minecraft:killed":{"minecraft:pig":2,"minecraft:drowned":2},"minecraft:used":{"minecraft:wheat_seeds":8,"minecraft:stone_sword":25,"minecraft:cobblestone_stairs":65,"minecraft:iron_shovel":73,"minecraft:stone_pickaxe":665,"minecraft:oak_sign":1,"minecraft:oak_planks":3,"minecraft:wooden_pickaxe":60,"minecraft:stone_hoe":48,"minecraft:rotten_flesh":2,"minecraft:torch":35,"minecraft:dirt":63,"minecraft:crafting_table":6,"minecraft:cobblestone_wall":41,"minecraft:smoker":1,"minecraft:oak_fence_gate":2,"minecraft:apple":1,"minecraft:stone_axe":53,"minecraft:cobblestone":205,"minecraft:furnace":2,"minecraft:cooked_porkchop":3,"minecraft:oak_boat":1},"minecraft:broken":{"minecraft:stone_pickaxe":5,"minecraft:wooden_pickaxe":1},"minecraft:mined":{"minecraft:farmland":5,"minecraft:smoker":1,"minecraft:cobblestone_stairs":1,"minecraft:cherry_log":21,"minecraft:crafting_table":5,"minecraft:torch":4,"minecraft:short_grass":60,"minecraft:grass_block":21,"minecraft:copper_ore":7,"minecraft:tall_grass":11,"minecraft:cobblestone":6,"minecraft:oak_planks":3,"minecraft:wall_torch":5,"minecraft:furnace":1,"minecraft:cobblestone_wall":1,"minecraft:iron_ore":4,"minecraft:wheat":1,"minecraft:oak_log":22,"minecraft:coal_ore":122,"minecraft:cherry_leaves":4,"minecraft:gravel":14,"minecraft:dirt":135,"minecraft:stone":543,"minecraft:oak_leaves":9},"minecraft:picked_up":{"minecraft:crafting_table":5,"minecraft:smoker":1,"minecraft:oak_log":22,"minecraft:cobblestone_wall":1,"minecraft:cobblestone_stairs":1,"minecraft:dirt":158,"minecraft:raw_copper":23,"minecraft:apple":1,"minecraft:wheat_seeds":8,"minecraft:oak_boat":1,"minecraft:oak_planks":3,"minecraft:furnace":1,"minecraft:raw_iron":4,"minecraft:torch":11,"minecraft:gravel":14,"minecraft:porkchop":4,"minecraft:cherry_log":21,"minecraft:trident":1,"minecraft:rotten_flesh":3,"minecraft:cherry_sapling":2,"minecraft:oak_sapling":2,"minecraft:coal":146,"minecraft:cobblestone":540},"minecraft:crafted":{"minecraft:oak_planks":72,"minecraft:oak_sign":3,"minecraft:cooked_porkchop":4,"minecraft:crafting_table":2,"minecraft:wooden_pickaxe":1,"minecraft:furnace":2,"minecraft:cobblestone_stairs":64,"minecraft:stone_axe":1,"minecraft:oak_fence_gate":2,"minecraft:oak_boat":1,"minecraft:shield":1,"minecraft:stick":36,"minecraft:iron_ingot":3,"minecraft:stone_pickaxe":5,"minecraft:cobblestone_wall":42,"minecraft:stone_sword":1,"minecraft:iron_shovel":1,"minecraft:torch":28,"minecraft:stone_hoe":1,"minecraft:smoker":1},"minecraft:custom":{"minecraft:interact_with_furnace":7,"minecraft:mob_kills":4,"minecraft:interact_with_crafting_table":21,"minecraft:leave_game":6,"minecraft:time_since_death":73498,"minecraft:time_since_rest":73498,"minecraft:sprint_one_cm":85045,"minecraft:damage_taken":360,"minecraft:walk_one_cm":240513,"minecraft:damage_dealt":598,"minecraft:swim_one_cm":15413,"minecraft:fly_one_cm":59158,"minecraft:crouch_one_cm":4314,"minecraft:play_time":73498,"minecraft:sneak_time":1570,"minecraft:walk_under_water_one_cm":4883,"minecraft:boat_one_cm":15990,"minecraft:jump":574,"minecraft:walk_on_water_one_cm":6296,"minecraft:interact_with_smoker":2,"minecraft:total_world_time":73498,"minecraft:fall_one_cm":11158}},"DataVersion":3953}