{"stats":{"minecraft:mined":{"minecraft:grass_block":4,"minecraft:poppy":1,"minecraft:dirt":5},"minecraft:custom":{"minecraft:time_since_rest":7745,"minecraft:deaths":1,"minecraft:sprint_one_cm":74850,"minecraft:play_time":25355,"minecraft:damage_taken":205,"minecraft:walk_one_cm":55660,"minecraft:sneak_time":17,"minecraft:walk_under_water_one_cm":810,"minecraft:jump":176,"minecraft:damage_dealt":115,"minecraft:leave_game":1,"minecraft:walk_on_water_one_cm":6438,"minecraft:time_since_death":7684,"minecraft:total_world_time":25355,"minecraft:swim_one_cm":15757,"minecraft:fall_one_cm":1223,"minecraft:fly_one_cm":11249},"minecraft:used":{"minecraft:dirt":5,"minecraft:poppy":1},"minecraft:picked_up":{"minecraft:azure_bluet":1,"minecraft:rotten_flesh":2,"minecraft:golden_axe":1,"minecraft:poppy":1,"minecraft:dirt":7}},"DataVersion":3953}