{"stats":{"minecraft:used":{"minecraft:cooked_mutton":1,"minecraft:rose_bush":1,"minecraft:stone_sword":1,"minecraft:dirt":8,"minecraft:carrot":5,"minecraft:yellow_bed":1},"minecraft:mined":{"minecraft:carrots":18,"minecraft:wheat":18,"minecraft:lilac":1,"minecraft:yellow_bed":2,"minecraft:peony":1,"minecraft:potted_dandelion":1,"minecraft:grass_block":3,"minecraft:potatoes":7,"minecraft:yellow_carpet":3,"minecraft:chest":2,"minecraft:beetroots":1,"minecraft:rose_bush":1,"minecraft:dirt":1,"minecraft:oak_leaves":7,"minecraft:wall_torch":2},"minecraft:picked_up":{"minecraft:leather_chestplate":1,"minecraft:wheat":18,"minecraft:flower_pot":1,"minecraft:torch":2,"minecraft:dandelion":2,"minecraft:wooden_pickaxe":1,"minecraft:potato":26,"minecraft:yellow_bed":2,"minecraft:shield":1,"minecraft:carrot":65,"minecraft:dirt":83,"minecraft:cooked_mutton":1,"minecraft:yellow_carpet":3,"minecraft:stone_sword":1,"minecraft:stone_shovel":1,"minecraft:beetroot":1,"minecraft:beetroot_seeds":3,"minecraft:peony":4,"minecraft:wheat_seeds":51,"minecraft:stone_pickaxe":1,"minecraft:rose_bush":1,"minecraft:poppy":1,"minecraft:chest":2,"minecraft:cobblestone":6},"minecraft:custom":{"minecraft:time_since_rest":2312,"minecraft:interact_with_furnace":1,"minecraft:sprint_one_cm":62480,"minecraft:damage_taken":305,"minecraft:walk_one_cm":163139,"minecraft:damage_dealt":39,"minecraft:interact_with_crafting_table":1,"minecraft:fly_one_cm":8532,"minecraft:open_chest":2,"minecraft:crouch_one_cm":27,"minecraft:play_time":31084,"minecraft:sneak_time":60,"minecraft:jump":190,"minecraft:leave_game":1,"minecraft:time_since_death":31084,"minecraft:walk_on_water_one_cm":393,"minecraft:sleep_in_bed":3,"minecraft:total_world_time":31084,"minecraft:climb_one_cm":900,"minecraft:fall_one_cm":1831}},"DataVersion":3953}