{"stats":{"minecraft:mined":{"minecraft:grass_block":7,"minecraft:poppy":1,"minecraft:dirt":7,"minecraft:spruce_leaves":7,"minecraft:powder_snow":35},"minecraft:custom":{"minecraft:time_since_rest":5090,"minecraft:deaths":2,"minecraft:sprint_one_cm":103170,"minecraft:play_time":39010,"minecraft:damage_taken":465,"minecraft:walk_one_cm":87779,"minecraft:sneak_time":23,"minecraft:walk_under_water_one_cm":869,"minecraft:jump":312,"minecraft:damage_dealt":115,"minecraft:leave_game":2,"minecraft:walk_on_water_one_cm":14687,"minecraft:time_since_death":4997,"minecraft:total_world_time":39010,"minecraft:swim_one_cm":15757,"minecraft:fall_one_cm":3495,"minecraft:fly_one_cm":16786,"minecraft:horse_one_cm":3040},"minecraft:used":{"minecraft:dirt":12,"minecraft:poppy":1,"minecraft:golden_axe":1},"minecraft:picked_up":{"minecraft:azure_bluet":1,"minecraft:rotten_flesh":2,"minecraft:golden_axe":1,"minecraft:poppy":1,"minecraft:dirt":12}},"DataVersion":3953}