{"stats":{"minecraft:used":{"minecraft:cooked_mutton":1,"minecraft:stone_sword":3,"minecraft:bread":3,"minecraft:stone_pickaxe":131,"minecraft:iron_pickaxe":155,"minecraft:wooden_pickaxe":7,"minecraft:oak_door":2,"minecraft:rotten_flesh":2,"minecraft:stone_axe":32,"minecraft:torch":16,"minecraft:wooden_sword":8,"minecraft:cobblestone":42,"minecraft:mutton":2,"minecraft:crafting_table":5,"minecraft:furnace":3,"minecraft:yellow_bed":1},"minecraft:broken":{"minecraft:stone_pickaxe":1},"minecraft:custom":{"minecraft:time_since_rest":1959,"minecraft:interact_with_furnace":13,"minecraft:sprint_one_cm":41247,"minecraft:damage_taken":211,"minecraft:walk_one_cm":75453,"minecraft:mob_kills":4,"minecraft:drop":4,"minecraft:damage_dealt":281,"minecraft:interact_with_crafting_table":10,"minecraft:fly_one_cm":84010,"minecraft:open_chest":2,"minecraft:crouch_one_cm":1067,"minecraft:play_time":38437,"minecraft:sneak_time":923,"minecraft:jump":610,"minecraft:leave_game":3,"minecraft:time_since_death":38437,"minecraft:sleep_in_bed":1,"minecraft:total_world_time":38437,"minecraft:fall_one_cm":10745},"minecraft:mined":{"minecraft:hay_block":9,"minecraft:furnace":2,"minecraft:oak_door":1,"minecraft:iron_ore":27,"minecraft:birch_log":3,"minecraft:yellow_bed":1,"minecraft:crafting_table":4,"minecraft:torch":2,"minecraft:emerald_ore":3,"minecraft:grass_block":7,"minecraft:short_grass":4,"minecraft:oak_log":32,"minecraft:coal_ore":83,"minecraft:dirt":14,"minecraft:cobblestone":4,"minecraft:stone":169,"minecraft:oak_leaves":1,"minecraft:wall_torch":2},"minecraft:picked_up":{"minecraft:birch_log":3,"minecraft:raw_iron":34,"minecraft:crafting_table":3,"minecraft:oak_door":1,"minecraft:torch":4,"minecraft:oak_log":32,"minecraft:yellow_bed":1,"minecraft:dirt":21,"minecraft:rotten_flesh":2,"minecraft:hay_block":9,"minecraft:iron_ingot":9,"minecraft:emerald":3,"minecraft:mutton":3,"minecraft:coal":136,"minecraft:white_wool":3,"minecraft:cobblestone":173,"minecraft:furnace":2},"minecraft:killed":{"minecraft:sheep":2,"minecraft:zombie":1},"minecraft:crafted":{"minecraft:wooden_sword":1,"minecraft:oak_door":3,"minecraft:oak_planks":128,"minecraft:shield":3,"minecraft:crafting_table":2,"minecraft:stick":36,"minecraft:iron_pickaxe":1,"minecraft:iron_ingot":11,"minecraft:wooden_pickaxe":1,"minecraft:stone_pickaxe":1,"minecraft:stone_sword":1,"minecraft:furnace":1,"minecraft:torch":12,"minecraft:birch_planks":12,"minecraft:stone_axe":1,"minecraft:cooked_mutton":1},"minecraft:dropped":{"minecraft:shield":1,"minecraft:wooden_sword":1,"minecraft:wooden_pickaxe":1,"minecraft:iron_ingot":4}},"DataVersion":3953}