{"stats":{"minecraft:picked_up":{"minecraft:wheat":1,"minecraft:rotten_flesh":1,"minecraft:beetroot":1,"minecraft:beetroot_seeds":3,"minecraft:wheat_seeds":2,"minecraft:yellow_bed":2,"minecraft:dirt":1},"minecraft:mined":{"minecraft:grass_block":1,"minecraft:beetroots":1,"minecraft:wheat":1,"minecraft:oak_leaves":4,"minecraft:yellow_bed":2},"minecraft:killed_by":{"minecraft:zombie":3},"minecraft:used":{"minecraft:bread":3,"minecraft:yellow_bed":2},"minecraft:custom":{"minecraft:time_since_rest":16171,"minecraft:open_chest":2,"minecraft:play_time":19173,"minecraft:crouch_one_cm":899,"minecraft:sprint_one_cm":42831,"minecraft:damage_taken":1120,"minecraft:walk_one_cm":97182,"minecraft:deaths":4,"minecraft:sneak_time":537,"minecraft:jump":170,"minecraft:damage_dealt":78,"minecraft:leave_game":2,"minecraft:time_since_death":15155,"minecraft:total_world_time":19173,"minecraft:talked_to_villager":1,"minecraft:fall_one_cm":3911,"minecraft:fly_one_cm":8198}},"DataVersion":3953}