{"stats":{"minecraft:used":{"minecraft:stone_sword":19,"minecraft:stone_pickaxe":153,"minecraft:oak_planks":3,"minecraft:wooden_pickaxe":60,"minecraft:rotten_flesh":1,"minecraft:stone_axe":4,"minecraft:torch":6,"minecraft:crafting_table":2,"minecraft:furnace":1,"minecraft:cooked_porkchop":2,"minecraft:smoker":1},"minecraft:broken":{"minecraft:stone_pickaxe":1,"minecraft:wooden_pickaxe":1},"minecraft:custom":{"minecraft:time_since_rest":19476,"minecraft:interact_with_furnace":3,"minecraft:sprint_one_cm":34290,"minecraft:damage_taken":300,"minecraft:walk_one_cm":57212,"minecraft:mob_kills":3,"minecraft:damage_dealt":399,"minecraft:swim_one_cm":4898,"minecraft:interact_with_crafting_table":7,"minecraft:fly_one_cm":18044,"minecraft:crouch_one_cm":43,"minecraft:play_time":19476,"minecraft:sneak_time":148,"minecraft:walk_under_water_one_cm":234,"minecraft:jump":185,"minecraft:leave_game":2,"minecraft:time_since_death":19476,"minecraft:walk_on_water_one_cm":791,"minecraft:interact_with_smoker":2,"minecraft:total_world_time":19476,"minecraft:fall_one_cm":4795},"minecraft:mined":{"minecraft:iron_ore":3,"minecraft:crafting_table":1,"minecraft:short_grass":1,"minecraft:coal_ore":71,"minecraft:grass_block":1,"minecraft:oak_log":12,"minecraft:stone":136,"minecraft:oak_planks":3,"minecraft:oak_leaves":3,"minecraft:wall_torch":2},"minecraft:picked_up":{"minecraft:crafting_table":1,"minecraft:raw_iron":3,"minecraft:torch":2,"minecraft:porkchop":4,"minecraft:oak_log":12,"minecraft:trident":1,"minecraft:dirt":1,"minecraft:rotten_flesh":2,"minecraft:oak_sapling":2,"minecraft:oak_planks":3,"minecraft:coal":71,"minecraft:cobblestone":135},"minecraft:killed":{"minecraft:pig":2,"minecraft:drowned":1},"minecraft:crafted":{"minecraft:oak_planks":32,"minecraft:cooked_porkchop":4,"minecraft:crafting_table":1,"minecraft:stick":16,"minecraft:wooden_pickaxe":1,"minecraft:stone_pickaxe":2,"minecraft:stone_sword":1,"minecraft:furnace":2,"minecraft:torch":4,"minecraft:stone_axe":1,"minecraft:smoker":1}},"DataVersion":3953}