{"stats":{"minecraft:killed":{"minecraft:skeleton":1,"minecraft:sheep":2,"minecraft:zombie":2},"minecraft:used":{"minecraft:beetroot":2,"minecraft:cooked_mutton":1,"minecraft:stone_sword":3,"minecraft:iron_shovel":455,"minecraft:birch_planks":4,"minecraft:stone_shovel":800,"minecraft:stone_pickaxe":88,"minecraft:wooden_pickaxe":17,"minecraft:chest":2,"minecraft:shield":16,"minecraft:rotten_flesh":7,"minecraft:iron_chestplate":2,"minecraft:torch":2,"minecraft:dirt":256,"minecraft:crafting_table":2,"minecraft:white_bed":3,"minecraft:wooden_hoe":1,"minecraft:iron_helmet":2,"minecraft:stone_axe":6,"minecraft:cobblestone":34,"minecraft:furnace":1},"minecraft:broken":{"minecraft:stone_pickaxe":1,"minecraft:iron_shovel":1,"minecraft:stone_shovel":6},"minecraft:mined":{"minecraft:white_bed":3,"minecraft:short_grass":16,"minecraft:allium":1,"minecraft:grass_block":427,"minecraft:chest":1,"minecraft:rose_bush":1,"minecraft:tall_grass":1,"minecraft:furnace":1,"minecraft:birch_log":4,"minecraft:iron_ore":3,"minecraft:lilac":1,"minecraft:peony":1,"minecraft:azure_bluet":1,"minecraft:oak_log":1,"minecraft:coal_ore":32,"minecraft:gravel":53,"minecraft:dirt":799,"minecraft:stone":67},"minecraft:picked_up":{"minecraft:birch_log":4,"minecraft:wheat":2,"minecraft:iron_chestplate":6,"minecraft:crafting_table":1,"minecraft:allium":1,"minecraft:azure_bluet":6,"minecraft:lilac":12,"minecraft:wooden_pickaxe":3,"minecraft:flint":30,"minecraft:oak_log":1,"minecraft:shield":3,"minecraft:gunpowder":4,"minecraft:cornflower":1,"minecraft:wooden_hoe":2,"minecraft:dirt":3804,"minecraft:iron_shovel":4,"minecraft:bone":6,"minecraft:beetroot":2,"minecraft:orange_tulip":1,"minecraft:wheat_seeds":12,"minecraft:bucket":6,"minecraft:iron_ingot":4,"minecraft:white_tulip":1,"minecraft:stone_pickaxe":3,"minecraft:rose_bush":32,"minecraft:poppy":2,"minecraft:chest":2,"minecraft:birch_sapling":2,"minecraft:oak_planks":2,"minecraft:furnace":2,"minecraft:stick":24,"minecraft:raw_iron":3,"minecraft:torch":2,"minecraft:dandelion":2,"minecraft:gravel":129,"minecraft:white_bed":4,"minecraft:lily_of_the_valley":17,"minecraft:stone_sword":1,"minecraft:arrow":17,"minecraft:rotten_flesh":7,"minecraft:stone_shovel":1,"minecraft:stone_axe":6,"minecraft:peony":57,"minecraft:iron_helmet":6,"minecraft:red_tulip":6,"minecraft:oak_button":2,"minecraft:mutton":4,"minecraft:coal":153,"minecraft:white_wool":6,"minecraft:cobblestone":1110,"minecraft:oxeye_daisy":1},"minecraft:crafted":{"minecraft:oak_planks":4,"minecraft:stone_shovel":7,"minecraft:crafting_table":1,"minecraft:wooden_pickaxe":2,"minecraft:furnace":1,"minecraft:birch_planks":16,"minecraft:cooked_mutton":2,"minecraft:stick":8,"minecraft:iron_ingot":3,"minecraft:iron_shovel":2},"minecraft:custom":{"minecraft:interact_with_furnace":12,"minecraft:mob_kills":6,"minecraft:interact_with_crafting_table":17,"minecraft:leave_game":4,"minecraft:time_since_death":754,"minecraft:sleep_in_bed":3,"minecraft:time_since_rest":786,"minecraft:sprint_one_cm":183312,"minecraft:damage_taken":2297,"minecraft:walk_one_cm":176060,"minecraft:damage_blocked_by_shield":568,"minecraft:drop":12,"minecraft:damage_dealt":563,"minecraft:swim_one_cm":10859,"minecraft:fly_one_cm":190772,"minecraft:open_chest":19,"minecraft:crouch_one_cm":8461,"minecraft:play_time":75625,"minecraft:deaths":8,"minecraft:sneak_time":7952,"minecraft:walk_under_water_one_cm":1069,"minecraft:jump":1596,"minecraft:walk_on_water_one_cm":933,"minecraft:total_world_time":75625,"minecraft:fall_one_cm":57158},"minecraft:killed_by":{"minecraft:creeper":1,"minecraft:spider":2},"minecraft:dropped":{"minecraft:wheat_seeds":1,"minecraft:stone_sword":1,"minecraft:stone_shovel":1,"minecraft:cooked_mutton":1,"minecraft:dirt":80,"minecraft:shield":1,"minecraft:oak_button":1,"minecraft:peony":4,"minecraft:wooden_pickaxe":1,"minecraft:stone_pickaxe":1}},"DataVersion":3953}