{"stats":{"minecraft:killed":{"minecraft:iron_golem":1,"minecraft:skeleton":1,"minecraft:zombie":4},"minecraft:used":{"minecraft:wheat_seeds":14,"minecraft:water_bucket":2,"minecraft:stone_sword":30,"minecraft:stone_shovel":12,"minecraft:stone_pickaxe":175,"minecraft:oak_planks":15,"minecraft:composter":2,"minecraft:wooden_shovel":135,"minecraft:dirt":65,"minecraft:crafting_table":4,"minecraft:carrot":17,"minecraft:wooden_hoe":49,"minecraft:bread":19,"minecraft:stone_axe":40,"minecraft:cobblestone":2,"minecraft:bucket":2,"minecraft:yellow_bed":1,"minecraft:oak_boat":3,"minecraft:potato":5},"minecraft:broken":{"minecraft:stone_pickaxe":1,"minecraft:wooden_shovel":2,"minecraft:stone_shovel":1},"minecraft:mined":{"minecraft:white_bed":1,"minecraft:powder_snow":2,"minecraft:crafting_table":4,"minecraft:short_grass":26,"minecraft:grass_block":138,"minecraft:tall_grass":1,"minecraft:cobblestone":1,"minecraft:oak_planks":1,"minecraft:composter":2,"minecraft:carrots":5,"minecraft:iron_ore":4,"minecraft:wheat":5,"minecraft:birch_leaves":2,"minecraft:yellow_bed":1,"minecraft:potatoes":1,"minecraft:oak_log":20,"minecraft:beetroots":2,"minecraft:dirt":100,"minecraft:white_tulip":1,"minecraft:stone":159,"minecraft:oak_leaves":6},"minecraft:picked_up":{"minecraft:birch_log":2,"minecraft:iron_chestplate":1,"minecraft:crafting_table":6,"minecraft:wheat":5,"minecraft:andesite":3,"minecraft:potato":5,"minecraft:oak_log":20,"minecraft:yellow_bed":1,"minecraft:shield":4,"minecraft:gunpowder":2,"minecraft:dirt":299,"minecraft:beetroot":2,"minecraft:wheat_seeds":24,"minecraft:bucket":1,"minecraft:white_tulip":2,"minecraft:stone_pickaxe":6,"minecraft:iron_ingot":4,"minecraft:oak_boat":2,"minecraft:poppy":2,"minecraft:fletching_table":1,"minecraft:chest":1,"minecraft:oak_planks":24,"minecraft:stick":6,"minecraft:raw_iron":7,"minecraft:oak_door":2,"minecraft:composter":2,"minecraft:torch":3,"minecraft:dandelion":2,"minecraft:white_bed":1,"minecraft:carrot":17,"minecraft:lily_of_the_valley":1,"minecraft:rotten_flesh":3,"minecraft:stone_sword":1,"minecraft:stone_shovel":1,"minecraft:stone_axe":1,"minecraft:beetroot_seeds":4,"minecraft:iron_helmet":1,"minecraft:bread":26,"minecraft:oak_sapling":3,"minecraft:cobblestone":441,"minecraft:oxeye_daisy":1},"minecraft:crafted":{"minecraft:oak_planks":76,"minecraft:wooden_shovel":3,"minecraft:crafting_table":4,"minecraft:bucket":1,"minecraft:stone_axe":1,"minecraft:bread":1,"minecraft:oak_boat":1,"minecraft:wooden_hoe":1,"minecraft:stick":68,"minecraft:stone_pickaxe":4,"minecraft:stone_sword":1,"minecraft:oak_button":1},"minecraft:custom":{"minecraft:mob_kills":6,"minecraft:interact_with_crafting_table":10,"minecraft:leave_game":15,"minecraft:time_since_death":17930,"minecraft:time_since_rest":18031,"minecraft:sprint_one_cm":390617,"minecraft:damage_taken":1696,"minecraft:walk_one_cm":355295,"minecraft:drop":1,"minecraft:damage_dealt":1799,"minecraft:fly_one_cm":182072,"minecraft:open_chest":8,"minecraft:crouch_one_cm":25,"minecraft:play_time":141242,"minecraft:deaths":4,"minecraft:sneak_time":42,"minecraft:boat_one_cm":56350,"minecraft:jump":1504,"minecraft:total_world_time":141242,"minecraft:fall_one_cm":29485},"minecraft:killed_by":{"minecraft:skeleton":1,"minecraft:iron_golem":1},"minecraft:dropped":{"minecraft:raw_iron":4}},"DataVersion":3953}