{"stats":{"minecraft:used":{"minecraft:bread":7,"minecraft:yellow_bed":2},"minecraft:custom":{"minecraft:open_chest":2,"minecraft:time_since_rest":3383,"minecraft:sprint_one_cm":248083,"minecraft:crouch_one_cm":1138,"minecraft:play_time":55032,"minecraft:damage_taken":1410,"minecraft:walk_one_cm":267160,"minecraft:deaths":5,"minecraft:sneak_time":674,"minecraft:walk_under_water_one_cm":2012,"minecraft:jump":533,"minecraft:damage_dealt":78,"minecraft:leave_game":3,"minecraft:time_since_death":3264,"minecraft:walk_on_water_one_cm":3789,"minecraft:sleep_in_bed":1,"minecraft:total_world_time":55032,"minecraft:talked_to_villager":1,"minecraft:fall_one_cm":9797,"minecraft:fly_one_cm":26043},"minecraft:mined":{"minecraft:grass_block":15,"minecraft:beetroots":1,"minecraft:dirt_path":3,"minecraft:dirt":8,"minecraft:wheat":1,"minecraft:powder_snow":1,"minecraft:orange_tulip":1,"minecraft:oak_leaves":4,"minecraft:yellow_bed":2},"minecraft:picked_up":{"minecraft:crafting_table":1,"minecraft:wheat":1,"minecraft:rotten_flesh":3,"minecraft:beetroot":1,"minecraft:beetroot_seeds":3,"minecraft:orange_tulip":1,"minecraft:wheat_seeds":2,"minecraft:yellow_bed":2,"minecraft:oak_sapling":2,"minecraft:dirt":26,"minecraft:egg":1},"minecraft:killed_by":{"minecraft:zombie":3}},"DataVersion":3953}