{"stats":{"minecraft:picked_up":{"minecraft:yellow_bed":1,"minecraft:rotten_flesh":1},"minecraft:mined":{"minecraft:yellow_bed":1},"minecraft:killed_by":{"minecraft:zombie":3},"minecraft:used":{"minecraft:yellow_bed":1},"minecraft:custom":{"minecraft:jump":117,"minecraft:time_since_rest":8998,"minecraft:damage_dealt":78,"minecraft:crouch_one_cm":899,"minecraft:sprint_one_cm":29206,"minecraft:deaths":4,"minecraft:play_time":12000,"minecraft:damage_taken":1090,"minecraft:time_since_death":7982,"minecraft:walk_one_cm":65865,"minecraft:sneak_time":537,"minecraft:total_world_time":12000,"minecraft:fall_one_cm":2388,"minecraft:fly_one_cm":6386}},"DataVersion":3953}