{"stats":{"minecraft:broken":{"minecraft:wooden_pickaxe":1},"minecraft:picked_up":{"minecraft:crafting_table":2,"minecraft:clay_ball":16,"minecraft:torch":11,"minecraft:porkchop":3,"minecraft:oak_log":15,"minecraft:blast_furnace":1,"minecraft:brewing_stand":1,"minecraft:white_bed":1,"minecraft:yellow_bed":1,"minecraft:dirt":1,"minecraft:raw_copper":95,"minecraft:arrow":2,"minecraft:stonecutter":1,"minecraft:granite":1,"minecraft:gray_wool":1,"minecraft:bricks":2,"minecraft:terracotta":2,"minecraft:oak_sapling":3,"minecraft:mutton":2,"minecraft:coal":61,"minecraft:white_wool":1,"minecraft:cobblestone":85,"minecraft:furnace":1},"minecraft:mined":{"minecraft:white_bed":1,"minecraft:furnace":1,"minecraft:brewing_stand":1,"minecraft:yellow_bed":1,"minecraft:clay":4,"minecraft:crafting_table":2,"minecraft:torch":4,"minecraft:granite":1,"minecraft:blast_furnace":1,"minecraft:grass_block":1,"minecraft:oak_log":15,"minecraft:coal_ore":62,"minecraft:copper_ore":24,"minecraft:terracotta":2,"minecraft:stonecutter":1,"minecraft:stone":87,"minecraft:bricks":2,"minecraft:wall_torch":7,"minecraft:oak_leaves":8},"minecraft:crafted":{"minecraft:wooden_sword":2,"minecraft:oak_planks":24,"minecraft:wooden_shovel":1,"minecraft:cooked_porkchop":3,"minecraft:crafting_table":1,"minecraft:stick":16,"minecraft:wooden_pickaxe":1,"minecraft:stone_pickaxe":2,"minecraft:wooden_axe":1,"minecraft:furnace":1,"minecraft:torch":16,"minecraft:cooked_mutton":2},"minecraft:used":{"minecraft:cooked_mutton":2,"minecraft:wooden_axe":2,"minecraft:stone_pickaxe":131,"minecraft:wooden_pickaxe":59,"minecraft:torch":9,"minecraft:wooden_sword":32,"minecraft:dirt":1,"minecraft:cobblestone":51,"minecraft:crafting_table":2,"minecraft:furnace":1,"minecraft:oak_sapling":2,"minecraft:cooked_porkchop":1,"minecraft:yellow_bed":1},"minecraft:custom":{"minecraft:time_since_rest":30000,"minecraft:interact_with_furnace":4,"minecraft:sprint_one_cm":42052,"minecraft:damage_taken":225,"minecraft:walk_one_cm":86810,"minecraft:mob_kills":4,"minecraft:damage_dealt":472,"minecraft:interact_with_crafting_table":3,"minecraft:fly_one_cm":10376,"minecraft:open_chest":2,"minecraft:crouch_one_cm":1087,"minecraft:play_time":30000,"minecraft:sneak_time":562,"minecraft:jump":280,"minecraft:interact_with_brewingstand":1,"minecraft:walk_on_water_one_cm":155,"minecraft:time_since_death":30000,"minecraft:climb_one_cm":952,"minecraft:total_world_time":30000,"minecraft:fall_one_cm":3801},"minecraft:killed":{"minecraft:skeleton":1,"minecraft:sheep":2,"minecraft:pig":1}},"DataVersion":3953}