{"stats":{"minecraft:picked_up":{"minecraft:allium":9,"minecraft:leather":2,"minecraft:wheat_seeds":13,"minecraft:beef":2,"minecraft:golden_shovel":1,"minecraft:cornflower":5},"minecraft:dropped":{"minecraft:wheat_seeds":13,"minecraft:golden_shovel":1},"minecraft:used":{"minecraft:farmland":9,"minecraft:grass_block":18,"minecraft:verdant_froglight":15,"minecraft:ochre_froglight":19,"minecraft:pearlescent_froglight":20,"minecraft:smooth_quartz":2075},"minecraft:custom":{"minecraft:time_since_rest":43311,"minecraft:play_time":43311,"minecraft:sprint_one_cm":5490,"minecraft:damage_taken":70,"minecraft:walk_one_cm":5636,"minecraft:mob_kills":1,"minecraft:drop":2,"minecraft:jump":32,"minecraft:damage_dealt":100,"minecraft:leave_game":1,"minecraft:walk_on_water_one_cm":15265,"minecraft:time_since_death":43311,"minecraft:total_world_time":43311,"minecraft:fall_one_cm":1503,"minecraft:fly_one_cm":760183},"minecraft:killed":{"minecraft:cow":1}},"DataVersion":3953}