{"stats":{"minecraft:killed":{"minecraft:pig":5,"minecraft:spider":4,"minecraft:sheep":5,"minecraft:skeleton":2,"minecraft:zombie":4,"minecraft:chicken":2,"minecraft:cow":2},"minecraft:used":{"minecraft:cooked_mutton":7,"minecraft:diorite":4,"minecraft:stone_sword":79,"minecraft:birch_planks":7,"minecraft:stone_pickaxe":177,"minecraft:oak_planks":6,"minecraft:shield":20,"minecraft:wooden_pickaxe":38,"minecraft:blue_bed":1,"minecraft:torch":39,"minecraft:crafting_table":5,"minecraft:smoker":4,"minecraft:stone_axe":75,"minecraft:furnace":2,"minecraft:cooked_porkchop":1,"minecraft:cooked_beef":4,"minecraft:cobbled_deepslate":2},"minecraft:broken":{"minecraft:stone_pickaxe":1},"minecraft:mined":{"minecraft:smoker":4,"minecraft:crafting_table":5,"minecraft:cornflower":3,"minecraft:torch":1,"minecraft:short_grass":3,"minecraft:tall_grass":3,"minecraft:oak_planks":6,"minecraft:blue_bed":1,"minecraft:diorite":4,"minecraft:wall_torch":2,"minecraft:birch_planks":1,"minecraft:furnace":2,"minecraft:birch_log":12,"minecraft:iron_ore":19,"minecraft:oak_log":53,"minecraft:pointed_dripstone":2,"minecraft:coal_ore":14,"minecraft:deepslate_iron_ore":24,"minecraft:stone":127,"minecraft:oak_leaves":7,"minecraft:deepslate":19},"minecraft:picked_up":{"minecraft:birch_log":12,"minecraft:crafting_table":5,"minecraft:feather":2,"minecraft:chicken":2,"minecraft:leather":4,"minecraft:smoker":4,"minecraft:birch_planks":9,"minecraft:oak_log":52,"minecraft:string":1,"minecraft:cornflower":3,"minecraft:blue_bed":1,"minecraft:cooked_mutton":2,"minecraft:bone":4,"minecraft:cobbled_deepslate":20,"minecraft:beef":4,"minecraft:light_gray_wool":2,"minecraft:oak_planks":22,"minecraft:furnace":2,"minecraft:raw_iron":42,"minecraft:stick":2,"minecraft:torch":3,"minecraft:porkchop":11,"minecraft:pointed_dripstone":2,"minecraft:diorite":4,"minecraft:arrow":3,"minecraft:rotten_flesh":7,"minecraft:mutton":7,"minecraft:coal":14,"minecraft:white_wool":3,"minecraft:cobblestone":127},"minecraft:crafted":{"minecraft:cooked_beef":4,"minecraft:oak_planks":64,"minecraft:cooked_porkchop":11,"minecraft:crafting_table":1,"minecraft:cooked_chicken":2,"minecraft:wooden_pickaxe":1,"minecraft:blue_bed":1,"minecraft:furnace":2,"minecraft:birch_planks":20,"minecraft:stone_axe":1,"minecraft:cooked_mutton":5,"minecraft:blue_dye":3,"minecraft:shield":1,"minecraft:stick":20,"minecraft:iron_ingot":3,"minecraft:stone_pickaxe":2,"minecraft:stone_sword":1,"minecraft:blue_wool":3,"minecraft:torch":40,"minecraft:smoker":1},"minecraft:custom":{"minecraft:interact_with_furnace":4,"minecraft:mob_kills":25,"minecraft:interact_with_crafting_table":8,"minecraft:leave_game":5,"minecraft:time_since_death":268,"minecraft:sleep_in_bed":1,"minecraft:time_since_rest":387,"minecraft:sprint_one_cm":128277,"minecraft:damage_taken":1040,"minecraft:walk_one_cm":104452,"minecraft:damage_blocked_by_shield":528,"minecraft:damage_dealt":2795,"minecraft:swim_one_cm":5636,"minecraft:fly_one_cm":68214,"minecraft:crouch_one_cm":5675,"minecraft:play_time":57162,"minecraft:deaths":1,"minecraft:sneak_time":2877,"minecraft:walk_under_water_one_cm":673,"minecraft:jump":669,"minecraft:walk_on_water_one_cm":1122,"minecraft:total_world_time":57162,"minecraft:interact_with_smoker":12,"minecraft:fall_one_cm":20748}},"DataVersion":3953}