{"stats":{"minecraft:killed":{"minecraft:sheep":4,"minecraft:skeleton":2,"minecraft:zombie":8},"minecraft:used":{"minecraft:wheat_seeds":1,"minecraft:cooked_mutton":1,"minecraft:stone_sword":71,"minecraft:stone_pickaxe":131,"minecraft:wooden_pickaxe":7,"minecraft:chest":8,"minecraft:shield":12,"minecraft:fletching_table":2,"minecraft:rotten_flesh":2,"minecraft:oak_door":4,"minecraft:torch":320,"minecraft:dirt":23,"minecraft:mutton":2,"minecraft:crafting_table":5,"minecraft:white_bed":1,"minecraft:diamond_pickaxe":47,"minecraft:bread":40,"minecraft:iron_axe":2,"minecraft:iron_pickaxe":750,"minecraft:iron_helmet":1,"minecraft:oak_pressure_plate":5,"minecraft:gravel":1,"minecraft:stone_axe":41,"minecraft:wooden_sword":8,"minecraft:diamond_sword":14,"minecraft:cobblestone":153,"minecraft:furnace":8,"minecraft:yellow_bed":1,"minecraft:potato":3,"minecraft:cobbled_deepslate":39,"minecraft:pointed_dripstone":2},"minecraft:broken":{"minecraft:stone_pickaxe":1,"minecraft:iron_pickaxe":3},"minecraft:mined":{"minecraft:tuff":23,"minecraft:deepslate_diamond_ore":21,"minecraft:oak_door":3,"minecraft:powder_snow":12,"minecraft:crafting_table":4,"minecraft:torch":6,"minecraft:granite":36,"minecraft:short_grass":16,"minecraft:emerald_ore":9,"minecraft:grass_block":18,"minecraft:chest":5,"minecraft:oak_pressure_plate":5,"minecraft:tall_grass":1,"minecraft:cobblestone":17,"minecraft:deepslate_gold_ore":5,"minecraft:oak_planks":1,"minecraft:diorite":7,"minecraft:wall_torch":12,"minecraft:hay_block":22,"minecraft:birch_planks":2,"minecraft:furnace":4,"minecraft:birch_log":3,"minecraft:iron_ore":64,"minecraft:cobbled_deepslate":2,"minecraft:wheat":2,"minecraft:fletching_table":1,"minecraft:yellow_bed":1,"minecraft:coal_ore":267,"minecraft:potatoes":1,"minecraft:pointed_dripstone":2,"minecraft:oak_log":32,"minecraft:gravel":2,"minecraft:dripstone_block":1,"minecraft:dirt":40,"minecraft:stone":364,"minecraft:oak_leaves":8,"minecraft:deepslate":101,"minecraft:smithing_table":1},"minecraft:picked_up":{"minecraft:birch_log":3,"minecraft:crafting_table":3,"minecraft:smithing_table":1,"minecraft:potato":3,"minecraft:birch_planks":2,"minecraft:tuff":23,"minecraft:oak_log":32,"minecraft:yellow_bed":1,"minecraft:string":2,"minecraft:dirt":58,"minecraft:bone":1,"minecraft:wheat_seeds":3,"minecraft:cobbled_deepslate":103,"minecraft:raw_gold":5,"minecraft:iron_ingot":10,"minecraft:fletching_table":1,"minecraft:chest":4,"minecraft:oak_planks":1,"minecraft:furnace":4,"minecraft:egg":2,"minecraft:raw_iron":74,"minecraft:oak_door":3,"minecraft:torch":83,"minecraft:oak_pressure_plate":5,"minecraft:dripstone_block":1,"minecraft:gravel":2,"minecraft:pointed_dripstone":2,"minecraft:diorite":7,"minecraft:arrow":3,"minecraft:rotten_flesh":11,"minecraft:diamond":21,"minecraft:hay_block":22,"minecraft:granite":36,"minecraft:emerald":9,"minecraft:mutton":6,"minecraft:coal":324,"minecraft:white_wool":5,"minecraft:cobblestone":385},"minecraft:crafted":{"minecraft:wooden_sword":1,"minecraft:oak_door":3,"minecraft:oak_planks":128,"minecraft:diamond_sword":1,"minecraft:crafting_table":2,"minecraft:iron_helmet":1,"minecraft:wooden_pickaxe":1,"minecraft:iron_sword":1,"minecraft:furnace":4,"minecraft:birch_planks":12,"minecraft:stone_axe":1,"minecraft:bread":66,"minecraft:cooked_mutton":1,"minecraft:diamond_pickaxe":2,"minecraft:diamond_helmet":1,"minecraft:iron_chestplate":2,"minecraft:iron_boots":2,"minecraft:shield":4,"minecraft:iron_axe":1,"minecraft:stick":120,"minecraft:iron_ingot":57,"minecraft:iron_pickaxe":3,"minecraft:stone_pickaxe":1,"minecraft:stone_sword":1,"minecraft:gold_ingot":5,"minecraft:chest":4,"minecraft:iron_leggings":2,"minecraft:white_bed":1,"minecraft:torch":312,"minecraft:wheat":198,"minecraft:diamond_chestplate":1},"minecraft:custom":{"minecraft:interact_with_smithing_table":1,"minecraft:interact_with_furnace":37,"minecraft:mob_kills":15,"minecraft:interact_with_crafting_table":34,"minecraft:leave_game":7,"minecraft:time_since_death":173706,"minecraft:sleep_in_bed":2,"minecraft:time_since_rest":113714,"minecraft:sprint_one_cm":278966,"minecraft:damage_taken":1390,"minecraft:walk_one_cm":410810,"minecraft:damage_blocked_by_shield":314,"minecraft:drop":15,"minecraft:damage_dealt":2198,"minecraft:talked_to_villager":4,"minecraft:fly_one_cm":376369,"minecraft:open_chest":58,"minecraft:crouch_one_cm":11540,"minecraft:play_time":173706,"minecraft:sneak_time":6776,"minecraft:walk_under_water_one_cm":166,"minecraft:jump":3378,"minecraft:walk_on_water_one_cm":18297,"minecraft:total_world_time":173706,"minecraft:fall_one_cm":63432},"minecraft:dropped":{"minecraft:bread":20,"minecraft:iron_ingot":4,"minecraft:wheat_seeds":1,"minecraft:iron_helmet":1,"minecraft:iron_boots":1,"minecraft:dirt":12,"minecraft:shield":3,"minecraft:torch":61,"minecraft:iron_chestplate":1,"minecraft:wooden_sword":1,"minecraft:iron_axe":1,"minecraft:wooden_pickaxe":1}},"DataVersion":3953}