{"stats":{"minecraft:mined":{"minecraft:grass_block":1,"minecraft:dirt":1},"minecraft:custom":{"minecraft:jump":173,"minecraft:time_since_rest":16456,"minecraft:walk_on_water_one_cm":5954,"minecraft:damage_dealt":62,"minecraft:damage_taken":904,"minecraft:play_time":25169,"minecraft:leave_game":5,"minecraft:sprint_one_cm":21736,"minecraft:walk_one_cm":36305,"minecraft:time_since_death":16387,"minecraft:deaths":3,"minecraft:total_world_time":25169,"minecraft:walk_under_water_one_cm":5270,"minecraft:swim_one_cm":6434,"minecraft:fall_one_cm":4384,"minecraft:fly_one_cm":14686},"minecraft:picked_up":{"minecraft:dirt":2},"minecraft:killed_by":{"minecraft:skeleton":1,"minecraft:spider":1}},"DataVersion":3953}