{"stats":{"minecraft:custom":{"minecraft:jump":170,"minecraft:time_since_rest":1930,"minecraft:deaths":1,"minecraft:damage_taken":235,"minecraft:play_time":12541,"minecraft:leave_game":2,"minecraft:sprint_one_cm":47084,"minecraft:time_since_death":1543,"minecraft:walk_one_cm":34119,"minecraft:total_world_time":12541,"minecraft:fall_one_cm":3736,"minecraft:fly_one_cm":35149},"minecraft:mined":{"minecraft:short_grass":3,"minecraft:oak_log":7,"minecraft:oak_leaves":4},"minecraft:picked_up":{"minecraft:oak_log":7,"minecraft:oak_sapling":1},"minecraft:crafted":{"minecraft:crafting_table":1,"minecraft:oak_planks":24,"minecraft:stick":40},"minecraft:killed_by":{"minecraft:skeleton":1}},"DataVersion":3953}