{"stats":{"minecraft:broken":{"minecraft:stone_axe":1,"minecraft:wooden_axe":1,"minecraft:wooden_pickaxe":1},"minecraft:used":{"minecraft:cherry_sapling":18,"minecraft:cooked_mutton":5,"minecraft:wheat_seeds":16,"minecraft:netherite_sword":31,"minecraft:glass_bottle":2,"minecraft:stone_pickaxe":132,"minecraft:chest":4,"minecraft:wooden_pickaxe":59,"minecraft:cherry_planks":157,"minecraft:wooden_shovel":31,"minecraft:cooked_chicken":3,"minecraft:torch":29,"minecraft:dirt":22,"minecraft:crafting_table":6,"minecraft:white_bed":1,"minecraft:honey_bottle":4,"minecraft:wooden_axe":63,"minecraft:stone_axe":162,"minecraft:golden_sword":28,"minecraft:wooden_sword":65,"minecraft:cobblestone":51,"minecraft:oak_sapling":5,"minecraft:furnace":3,"minecraft:cooked_porkchop":6,"minecraft:yellow_bed":1,"minecraft:cherry_log":47},"minecraft:custom":{"minecraft:interact_with_furnace":14,"minecraft:mob_kills":16,"minecraft:interact_with_crafting_table":16,"minecraft:leave_game":1,"minecraft:time_since_death":47364,"minecraft:sleep_in_bed":4,"minecraft:climb_one_cm":952,"minecraft:time_since_rest":3473,"minecraft:sprint_one_cm":239136,"minecraft:damage_taken":2186,"minecraft:walk_one_cm":359647,"minecraft:drop":2,"minecraft:damage_dealt":1910,"minecraft:swim_one_cm":45755,"minecraft:fly_one_cm":121323,"minecraft:open_chest":33,"minecraft:crouch_one_cm":3880,"minecraft:play_time":133149,"minecraft:sneak_time":18534,"minecraft:deaths":4,"minecraft:walk_under_water_one_cm":1683,"minecraft:interact_with_brewingstand":1,"minecraft:jump":1429,"minecraft:interact_with_blast_furnace":1,"minecraft:walk_on_water_one_cm":8221,"minecraft:total_world_time":133149,"minecraft:fall_one_cm":23445},"minecraft:mined":{"minecraft:white_bed":3,"minecraft:cherry_planks":34,"minecraft:cherry_log":131,"minecraft:brewing_stand":1,"minecraft:clay":4,"minecraft:crafting_table":4,"minecraft:torch":5,"minecraft:granite":1,"minecraft:short_grass":8,"minecraft:allium":3,"minecraft:blast_furnace":1,"minecraft:grass_block":24,"minecraft:chest":2,"minecraft:rose_bush":12,"minecraft:tall_grass":4,"minecraft:copper_ore":24,"minecraft:sugar_cane":3,"minecraft:bricks":2,"minecraft:oxeye_daisy":4,"minecraft:wall_torch":8,"minecraft:pink_petals":24,"minecraft:hay_block":9,"minecraft:furnace":2,"minecraft:carrots":7,"minecraft:wheat":16,"minecraft:orange_tulip":1,"minecraft:azure_bluet":6,"minecraft:yellow_bed":1,"minecraft:peony":17,"minecraft:oak_log":21,"minecraft:potatoes":2,"minecraft:red_tulip":5,"minecraft:coal_ore":62,"minecraft:beetroots":2,"minecraft:dirt_path":1,"minecraft:cherry_leaves":192,"minecraft:sand":7,"minecraft:dirt":11,"minecraft:pink_tulip":8,"minecraft:terracotta":2,"minecraft:white_tulip":7,"minecraft:stonecutter":1,"minecraft:stone":87,"minecraft:oak_leaves":13},"minecraft:picked_up":{"minecraft:allium":6,"minecraft:pink_petals":52,"minecraft:crafting_table":4,"minecraft:feather":2,"minecraft:azure_bluet":12,"minecraft:cherry_planks":34,"minecraft:clay_ball":16,"minecraft:potato":2,"minecraft:oak_log":21,"minecraft:brewing_stand":1,"minecraft:yellow_bed":1,"minecraft:dirt":26,"minecraft:string":4,"minecraft:raw_copper":95,"minecraft:glass":2,"minecraft:bone":5,"minecraft:stonecutter":1,"minecraft:wheat_seeds":17,"minecraft:orange_tulip":2,"minecraft:netherite_sword":1,"minecraft:white_tulip":14,"minecraft:rose_bush":18,"minecraft:sugar_cane":6,"minecraft:chest":2,"minecraft:furnace":2,"minecraft:stick":13,"minecraft:torch":13,"minecraft:porkchop":10,"minecraft:sand":7,"minecraft:cherry_log":130,"minecraft:blast_furnace":1,"minecraft:white_bed":3,"minecraft:carrot":7,"minecraft:spider_eye":1,"minecraft:arrow":4,"minecraft:rotten_flesh":5,"minecraft:beetroot_seeds":2,"minecraft:peony":31,"minecraft:hay_block":9,"minecraft:red_tulip":7,"minecraft:granite":2,"minecraft:cherry_sapling":25,"minecraft:pink_tulip":11,"minecraft:gray_wool":3,"minecraft:terracotta":2,"minecraft:oak_sapling":3,"minecraft:black_wool":2,"minecraft:mutton":8,"minecraft:bricks":2,"minecraft:coal":116,"minecraft:white_wool":4,"minecraft:cobblestone":85,"minecraft:oxeye_daisy":8},"minecraft:killed":{"minecraft:pig":4,"minecraft:spider":2,"minecraft:sheep":4,"minecraft:skeleton":2,"minecraft:zombie":3},"minecraft:crafted":{"minecraft:cherry_planks":164,"minecraft:wooden_sword":2,"minecraft:glass_bottle":3,"minecraft:oak_planks":60,"minecraft:wooden_shovel":2,"minecraft:cooked_porkchop":7,"minecraft:crafting_table":2,"minecraft:wooden_pickaxe":2,"minecraft:furnace":1,"minecraft:stone_axe":2,"minecraft:cooked_mutton":5,"minecraft:glass":5,"minecraft:stick":16,"minecraft:stone_pickaxe":2,"minecraft:wooden_axe":1,"minecraft:chest":2,"minecraft:torch":16},"minecraft:killed_by":{"minecraft:skeleton":1,"minecraft:spider":2,"minecraft:zombie":1},"minecraft:dropped":{"minecraft:golden_sword":1,"minecraft:dandelion":1}},"DataVersion":3953}