{"stats":{"minecraft:used":{"minecraft:wooden_axe":21,"minecraft:cooked_mutton":2,"minecraft:stone_shovel":125,"minecraft:stone_pickaxe":129,"minecraft:oak_planks":6,"minecraft:wooden_pickaxe":29,"minecraft:torch":6,"minecraft:dirt":59,"minecraft:crafting_table":4,"minecraft:yellow_bed":1},"minecraft:mined":{"minecraft:birch_log":1,"minecraft:wheat":2,"minecraft:brewing_stand":1,"minecraft:yellow_bed":2,"minecraft:crafting_table":3,"minecraft:bell":1,"minecraft:granite":1,"minecraft:short_grass":16,"minecraft:oak_log":13,"minecraft:grass_block":86,"minecraft:coal_ore":63,"minecraft:dirt":42,"minecraft:stone":81,"minecraft:composter":1,"minecraft:oak_leaves":1},"minecraft:picked_up":{"minecraft:birch_log":1,"minecraft:crafting_table":3,"minecraft:wheat":1,"minecraft:composter":1,"minecraft:torch":1,"minecraft:oak_log":13,"minecraft:brewing_stand":1,"minecraft:yellow_bed":2,"minecraft:iron_axe":1,"minecraft:dirt":130,"minecraft:wheat_seeds":8,"minecraft:bell":1,"minecraft:granite":1,"minecraft:poppy":4,"minecraft:coal":63,"minecraft:iron_boots":1,"minecraft:cobblestone":82},"minecraft:crafted":{"minecraft:oak_planks":52,"minecraft:stone_shovel":1,"minecraft:crafting_table":1,"minecraft:stick":28,"minecraft:wooden_pickaxe":2,"minecraft:stone_pickaxe":1,"minecraft:wooden_axe":2,"minecraft:torch":24,"minecraft:birch_planks":4,"minecraft:cooked_mutton":2},"minecraft:custom":{"minecraft:time_since_rest":16350,"minecraft:interact_with_furnace":1,"minecraft:sprint_one_cm":49960,"minecraft:damage_taken":196,"minecraft:walk_one_cm":236106,"minecraft:talked_to_villager":4,"minecraft:interact_with_crafting_table":4,"minecraft:fly_one_cm":6744,"minecraft:open_chest":7,"minecraft:play_time":58621,"minecraft:bell_ring":1,"minecraft:boat_one_cm":4048,"minecraft:jump":320,"minecraft:leave_game":2,"minecraft:time_since_death":58621,"minecraft:sleep_in_bed":2,"minecraft:climb_one_cm":1754,"minecraft:total_world_time":58621,"minecraft:fall_one_cm":1769}},"DataVersion":3953}