{
  "minecraft:recipes/decorations/crafting_table": {
    "criteria": {
      "unlock_right_away": "2024-10-26 03:35:12 +0000"
    },
    "done": true
  },
  "minecraft:adventure/root": {
    "criteria": {
      "killed_by_something": "2024-10-26 03:35:33 +0000"
    },
    "done": true
  },
  "minecraft:adventure/adventuring_time": {
    "criteria": {
      "minecraft:flower_forest": "2024-10-26 03:36:10 +0000",
      "minecraft:snowy_slopes": "2024-10-26 03:43:42 +0000",
      "minecraft:meadow": "2024-10-26 03:35:13 +0000"
    },
    "done": false
  },
  "DataVersion": 3953
}